path	git_blob	sha256	provenance	review_status	finding
.editorconfig	ebf080161d328b9789b4749ac176333c0e2874bd	db0b5524e350c72589086a3e1f429f78873dbc164ea32e25effb370a973ccc5e	INHERITED_29DB4D1_HASH_IDENTICAL	REVIEWED	-
.env.release.example	eb70a6f52f6c68e51c973fef14bdd5114c977666	db5b0451fb544b1082ac1d5e77c46d32c85b95465655aad1c205d06363e6d6d7	TERMINAL_DELTA_1A14581_REREVIEWED	FIXED	RC5-AUD-01{state=FIXED;commits=8181b7835d8fd38b01913ed0accc9e1b85a20276;red=docs/rc5-final-incremental-audit.md#rc5-aud-01;green=docs/rc5-final-incremental-audit.md#rc5-aud-01;permanent_tests=backend/src/config/__tests__/production.test.ts+backend/src/middlewares/__tests__/csrfProtection.test.ts+scripts/test-preflight.sh+frontend/e2e/security-contracts.spec.ts;residual_local_risk=NONE}
.github/dependabot.yml	85fa58e395861cfd34db72b6ab9010e72541c7f6	16474409ad3b3879b69103e282044c4e8a1c70688a1efa5661828aae6116e271	INHERITED_29DB4D1_HASH_IDENTICAL	REVIEWED	-
.github/workflows/ci.yml	2cb5e29324690bcad157ef649600e7e0cf160433	f9eae8dfb124776858ff3929711dbed4485afceaf47a314f41f801095b29a900	MODIFIED_SINCE_29DB4D1	REVIEWED_INCREMENTAL	-
.github/workflows/release.yml	3a49fbb63157299d5b8fdc22a9e6502a1d6f37f9	0a85b3c4d45a6f7d98a05e6d7da7f0ae135c8ffa76c0d56919727fb802f5b9b2	MODIFIED_SINCE_29DB4D1	REVIEWED_INCREMENTAL	-
.gitignore	848648a6c55956f9e55d0bbcf8d3b546f84947dc	a0b95a5eb107930b3a1b1bef26ba782b9723bc5a90a6c72b45609d0d885bccfb	INHERITED_29DB4D1_HASH_IDENTICAL	REVIEWED	-
.nvmrc	ca5c350055ccb6dacb495a786f60c8232abed8f2	55075b5ec4e8b31936cbbc282b8829116d1fd48f2f2f1856dee592a6650700ce	INHERITED_29DB4D1_HASH_IDENTICAL	REVIEWED	-
.prettierignore	ebe37e7196d6c9a6c1b7152eedd6f97b650aa61b	e044064304142d3d5e2f87ad7ae95272ccdcbfa39f70da6321f9137ece5cb319	INHERITED_29DB4D1_HASH_IDENTICAL	REVIEWED	-
.prettierrc.json	c8481ad24a5b7f51da444cd01e649fc55aa7a7c6	0d32d6bdfe7d83623341aef73f69f73bc315baf5bffe29d314ed8f81ee082a42	INHERITED_29DB4D1_HASH_IDENTICAL	REVIEWED	-
ARCHITECTURE.md	b113909e098443baa8ab02c29fea392b3245daef	61fcf6c045a7f484d4a0c807f5e3a191a507c2a2dc7ff35533de9e2f8a5f135d	INHERITED_29DB4D1_HASH_IDENTICAL	REVIEWED	-
CONTRIBUTING.md	38b4d64a38b8abb36ac22802b9d43bf4c25c11d3	a9bdd8460688fba857b8f51dc9d5b631a08defd3fd08bead68caafaf0ed56e0f	INHERITED_29DB4D1_HASH_IDENTICAL	REVIEWED	-
Caddyfile	7188973bac99a8867b4b1416a23915af4cad51ac	56d9e3ea71c5646c32f10c2e3ecea6b522037fb6146ea68c6028d3ee38927fa2	INHERITED_29DB4D1_HASH_IDENTICAL	REVIEWED	-
INCIDENT_LIFECYCLE.md	3a87217f928c7ec02974d3978b0a83c4ece23c93	10b09c512654ebed86c6ecc09e8cd5c4059e9aca6e2e3f4d010fd6fe3ef4d471	MODIFIED_SINCE_29DB4D1	REVIEWED_INCREMENTAL	-
LICENSE	4f3ac6d15e6685bbda661b90a91b1221e9debfc1	30e66a0b026148d4c84d740000f1108259e3e7fd6036ef18f9e4a623bef9a80f	INHERITED_29DB4D1_HASH_IDENTICAL	REVIEWED	-
README.md	4383401fa9099c3963f9a881b31493a47581ff44	ae7d9446d08334a48769cb206d597e1b966373e90a34b1fcd4bc1335b8fb71ac	MODIFIED_SINCE_29DB4D1	REVIEWED_INCREMENTAL	-
SECURITY.md	4927a5a5183a7565e5bed25d44d6cd399e7bd746	42647b4d4cb324da7b3de49f71aa1dbdc4c10761bd54f352a674bed7b9614577	INHERITED_29DB4D1_HASH_IDENTICAL	REVIEWED	-
backend/.dockerignore	d3e5db67641c0f93a3899cc57f1b3cc124b1b0ef	ddad383a6fe25908c113445523a2ebc291406e288ddecaf75ee23b7e5ad5e3d1	INHERITED_29DB4D1_HASH_IDENTICAL	REVIEWED	-
backend/.env.example	eb971df0aefa5af14eb12846cc4b074cb9d0d329	031f245c60605d4eb5b6cb8e7daf3817f91c078fede6a053b04a56c326e32608	TERMINAL_DELTA_1A14581_REREVIEWED	FIXED	RC5-AUD-01{state=FIXED;commits=8181b7835d8fd38b01913ed0accc9e1b85a20276;red=docs/rc5-final-incremental-audit.md#rc5-aud-01;green=docs/rc5-final-incremental-audit.md#rc5-aud-01;permanent_tests=backend/src/config/__tests__/production.test.ts+backend/src/middlewares/__tests__/csrfProtection.test.ts+scripts/test-preflight.sh+frontend/e2e/security-contracts.spec.ts;residual_local_risk=NONE}
backend/Dockerfile	a8529797da4f4f6c3941a3ef9d8879cea5e4b6b8	a1d30a255ca746bde131a4c0932d3fe4775c30ee4a94def99c31686c6fe49811	MODIFIED_SINCE_29DB4D1	REVIEWED_INCREMENTAL	-
backend/docs/support-knowledge.md	bfaa0bd8d166da0523a1b8639c24b5658329dfda	64493b5bcb98aa440caa8d406389e04b2556ef03a189ef218e88564533f3da41	MODIFIED_SINCE_29DB4D1	REVIEWED_INCREMENTAL	-
backend/eslint.config.cjs	96ea5d3338031f335a904da65c525e127555d74d	5cc522c4a5666b54fe7657e5e89ead0c7f59e9314f239be2f75ac76e6620e34e	INHERITED_29DB4D1_HASH_IDENTICAL	REVIEWED	-
backend/jest.config.ts	673551318f4a4ecd1780cc0666d23bbed009125b	8084f10568c88a3bed1004eee77f8b8ab981fbde5327a752f9add72ef36e507e	INHERITED_29DB4D1_HASH_IDENTICAL	REVIEWED	-
backend/migrations/001_create_admin_accounts.sql	09ff734f64a25e03f700028c381c853051c581e4	45ec5e5b8560a69521dbf4deb6a5d9c8bde8257fb874391b7aa514b3e237d3f0	INHERITED_29DB4D1_HASH_IDENTICAL	REVIEWED	-
backend/migrations/002_create_sentinel_users.sql	0632aa33a697079365239720f0d590181b837ee7	754eb287d7205dda4f1de3b73a960e971230c550b9ec0fe13c8637e7ee3b2e87	INHERITED_29DB4D1_HASH_IDENTICAL	REVIEWED	-
backend/migrations/003_create_account_audit_events.sql	1a2eb61b751e93d707fe751614f62ab2fa669f66	0b51600f24f36afcb2fdd56a8d68deeea17e72e65c0b90affe8a6663c0a26f1a	INHERITED_29DB4D1_HASH_IDENTICAL	REVIEWED	-
backend/migrations/004_create_production_lines.sql	30fd4ef02cd7d7121de24899fcdaee89702d0c83	58d5f952fe97a1ad2af415876640cc2c17d43bd7ffe1d3bf7d06e65615bd7b90	INHERITED_29DB4D1_HASH_IDENTICAL	REVIEWED	-
backend/migrations/005_add_is_active_to_production_lines.sql	435ad4958fef500aad91e746413ab94bbca4e012	ebf974245e22189bde1c6cf0ebb9454551d8a62f3776e86717dade59b11559c3	INHERITED_29DB4D1_HASH_IDENTICAL	REVIEWED	-
backend/migrations/006_add_user_password_hash.sql	d3a2eb87da6750113d162cbef46d9fc9d828209a	4fd3d2034f55b522ac050f28b94db7ca5e58c9174f7ea4e12cb5e3bca2777184	INHERITED_29DB4D1_HASH_IDENTICAL	REVIEWED	-
backend/migrations/007_create_workshop_incidents.sql	24b06ee86f2d3329c4c61d12ed869fcdab305519	00ec4356454459567544dceda5644ac8aa4796eda3c7be7bee8f8fe1a2db88a6	INHERITED_29DB4D1_HASH_IDENTICAL	REVIEWED	-
backend/migrations/008_add_workshop_incident_actions.sql	b27a352a571adf9d6eb36d450b50a23c75e66eaf	f2036cce44c18e870b9f5c0e16e34414f73bfc11350dd3440aca3aa93fc909e3	INHERITED_29DB4D1_HASH_IDENTICAL	REVIEWED	-
backend/migrations/009_add_incident_workflow_fields.sql	a17c74fbbb22422d0f805a3597f185d0be81dd99	2a1507972a0f70153f839acc971e008ea500eb7e8a7722e37a12da300d40572c	INHERITED_29DB4D1_HASH_IDENTICAL	REVIEWED	-
backend/migrations/010_add_delete_request_reason.sql	a469308be056b6fac81a53df05d5742fffd500d5	716c45d777b27da1947e54c31b3000b8dec34ee6f9f60d1d96a0459f2f6a68c7	INHERITED_29DB4D1_HASH_IDENTICAL	REVIEWED	-
backend/migrations/011_add_incident_assignment_fields.sql	b28d263c28dd8869e0c914e1e555d89e31c28ba6	d1160a6094df73927d135afcce1629ca55cd5828a9a9f2bc0d2b6bc0cc6dd659	INHERITED_29DB4D1_HASH_IDENTICAL	REVIEWED	-
backend/migrations/012_create_workshop_incident_events.sql	e85735e57abe68070bdb645676ecec65baa827f8	a2cba535ea20ffd8acb89df91593b1b60c3b8468054ddf91f488fd9592be4650	INHERITED_29DB4D1_HASH_IDENTICAL	REVIEWED	-
backend/migrations/013_add_incident_display_order.sql	a95f10da0a6cee8478b10550cfa7f7644f8edca4	441cf095695e18e87d50d7bedf7cf31c0ca10828ea67f38aee7d3125b292f1ee	INHERITED_29DB4D1_HASH_IDENTICAL	REVIEWED	-
backend/migrations/014_create_line_audit_events.sql	08f1f847f80f33624f492bb2f7294503b0d29128	f290ee2f039617ae0901062652904e664393d4f6bb4c334da98e3dfa7b7dc4c9	INHERITED_29DB4D1_HASH_IDENTICAL	REVIEWED	-
backend/migrations/015_harden_workshop_integrity.sql	fb5789e1aca1bec3f345915df72e27f95f659dd1	dd3825458e2d30a05e1aacf1928a6c77ac862d0ad285bdfdc8a4746662fa3ad8	INHERITED_29DB4D1_HASH_IDENTICAL	REVIEWED	-
backend/migrations/016_remove_other_incident_state.sql	1080eb7965002eeb438bce9bbe674b255bda65e1	920075940a0b82eb135fe9b5b4c1dda59d4e10b140ff8b6a07d16945941369cf	INHERITED_29DB4D1_HASH_IDENTICAL	REVIEWED	-
backend/migrations/017_enforce_taken_consistency.sql	bb6a74dfd0e77fafc4c03310b611af42eda2f013	298f43f0fd41586765b4cb2a8cebff2c6a7781e14b3c38e06912aa19c7f727ee	INHERITED_29DB4D1_HASH_IDENTICAL	REVIEWED	-
backend/migrations/018_create_workshop_incident_followers.sql	c98d1469c2125e781c584e13e18a2d52a4e0fa22	5846e4a6ab59c255fe00531f7c281f9dc1cea2e7046a92261799f53571e5e61d	INHERITED_29DB4D1_HASH_IDENTICAL	REVIEWED	-
backend/migrations/019_refine_incident_cancellation_and_watchers.sql	7ab5b0d856a7b7ef3a82ce447a223841105f1e8d	19c53c0edf8de4ee2d8d9ba67202c313cee0d79586f186ad09995f9dc8df7b33	INHERITED_29DB4D1_HASH_IDENTICAL	REVIEWED	-
backend/migrations/020_add_workshop_password_setup_codes.sql	36599997327680653d5f8cbb2bb011809fd3e795	73340c92d41ce792ea5ae5872cdc690866f8d88fc4c0d1b0d2cf0f69cb99087b	INHERITED_29DB4D1_HASH_IDENTICAL	REVIEWED	-
backend/migrations/021_harden_workshop_setup_invariants.sql	709151739149935e6ae6e14c75a3d6af175b2976	087e3a1569714dbb53ef85588aafe7d0cccac1cb772b29d0e979f3ff482b0420	INHERITED_29DB4D1_HASH_IDENTICAL	REVIEWED	-
backend/migrations/022_admin_session_version.sql	9555a88e522c2cb89cd706c86845713f36ec8075	92e9733f2a33d355cd1f40a8fd9b032f9bbeb24f4d98461db013bf501c00fa2a	INHERITED_29DB4D1_HASH_IDENTICAL	REVIEWED	-
backend/migrations/023_anonymize_deleted_users.sql	168d86c33f30529aa7de803dfd945811b9442b71	ef5d5b1b7cb2e4d3fdc55a3c3db3b2fb308f5d6ac7f2e6b7f588d221c78775c2	INHERITED_29DB4D1_HASH_IDENTICAL	REVIEWED	-
backend/migrations/024_remove_incident_shift.sql	681344a5c4d9e946a51e84a2dbf221bb7fec0dc8	72c7070c706a955e1be99384de068167e6af65a568f9687aec52d1f2231dc7d9	INHERITED_29DB4D1_HASH_IDENTICAL	REVIEWED	-
backend/migrations/025_audit_target_identity_snapshot.sql	c335eb51910be96173b79dae357af38859261a7d	b0491bdbe67777387de7eb51bbbe69a222c7776c05a7ffd04acc78067b95ce71	INHERITED_29DB4D1_HASH_IDENTICAL	REVIEWED	-
backend/migrations/026_incident_identity_snapshot.sql	8df98f66db25906e982e37cc3de5e4ac4058ef62	f5a22a8c63f9dff179935f7f5bf8bbb108aefb83e5d630177bbe9c25946313ed	INHERITED_29DB4D1_HASH_IDENTICAL	REVIEWED	-
backend/migrations/027_technician_and_badge_snapshot.sql	a9b55ebdd051b16b1dfd2b282124dfc50e9739bc	54593a834199f9d1f54c3308751230c43884e9f10b3b6bcaea6c4de1fc780592	INHERITED_29DB4D1_HASH_IDENTICAL	REVIEWED	-
backend/migrations/028_declarant_badge_snapshot.sql	7d6f4c6e66ab36586a828c20de49d490b45fbe29	62657f43166b43779a2d274f73a9f657956dff66de08713f1297a5a2bd0f6044	INHERITED_29DB4D1_HASH_IDENTICAL	REVIEWED	-
backend/migrations/029_add_email_to_users.sql	9e25ba30c631502f7dcc1b2f0472e39a53a48dbf	6a53f5e176aa6dc1c5c80bcd5e449dbbc90a299b9db3ff5e8fcf5879879778ac	INHERITED_29DB4D1_HASH_IDENTICAL	REVIEWED	-
backend/migrations/030_add_password_reset_requests.sql	cbff3eaafde4b9200596ca78271e7ee9c94f627f	391a53c4f03c86524af1a7c99650bb6cc192025865bcdc45a799cb22c05d5019	INHERITED_29DB4D1_HASH_IDENTICAL	REVIEWED	-
backend/migrations/031_add_email_to_admin_accounts.sql	4a6219ab07402b65748a8fe000eb1f69e665d127	e163cdd1271cd71cb6dd0d99f7fef1d71ef10a6644844f846a3d55b7bb402e87	INHERITED_29DB4D1_HASH_IDENTICAL	REVIEWED	-
backend/migrations/032_add_notification_prefs_to_admin.sql	211f6cf88ad0b70a306ca6c39b51488c67ced7ef	8889474823c37052d555400de1beb61def2e3089b12b37bb996b711e1904c7d9	INHERITED_29DB4D1_HASH_IDENTICAL	REVIEWED	-
backend/migrations/033_add_board_settings_to_admin.sql	52b1e80d40b254aeb70144cd360f6f513c69979b	2fddd78c2ba41e74ed15a026af06f5ac8e375d06cc3a6af8310b1f7ef3652f37	INHERITED_29DB4D1_HASH_IDENTICAL	REVIEWED	-
backend/migrations/034_add_app_settings_to_admin.sql	a26d76c51c4f810bc7afcd5185ca2f03ca90cc90	fba48e62234667a7ad02cb64f9611f8584422a1d7b4db5b3d513bf42b12a73e6	INHERITED_29DB4D1_HASH_IDENTICAL	REVIEWED	-
backend/migrations/035_add_workshop_session_version_and_duration.sql	013d3b3033b42b000104cb1c06dadc1a5faf9043	5bf9627578600d1e0f16c086c3e28b39c08158b8a8339ec00a9a1dafbac5dd94	INHERITED_29DB4D1_HASH_IDENTICAL	REVIEWED	-
backend/migrations/036_line_audit_snapshot.sql	6eb2a393f7e69ce6f9cfc53a943d85cff61c037c	213289b740b4bd83f31f769cf67cc3199a0ded197b39df7d522db57c05d615ae	INHERITED_29DB4D1_HASH_IDENTICAL	REVIEWED	-
backend/migrations/037_create_admin_system_audit_events.sql	6f81f2db10f61d8e2c69ea4fce328ef59563aade	06bbb75c24a791811185d15d964bd1acc318d5665a6a214362fd1e62c063be62	INHERITED_29DB4D1_HASH_IDENTICAL	REVIEWED	-
backend/migrations/038_create_workshop_arbitration_consultations.sql	f3a05ee6c7127041d4d5d87fea3c869243f25556	5af3861b5c9bafc0137f9df60edd91e1bac907ddc0ea1be06d897632cb726723	INHERITED_29DB4D1_HASH_IDENTICAL	REVIEWED	-
backend/migrations/039_harden_audit_actor_and_line_snapshot.sql	b89ca5be6b16440cc2e969f8e11c5a9fa4a8f9a5	e3526291d2087b89465f4f27b16fb9fb92bd68c7a75288efb3a76346c39e4779	INHERITED_29DB4D1_HASH_IDENTICAL	REVIEWED	-
backend/migrations/040_create_workshop_arbitration_cases.sql	1efc100a7f9cb5d7f6633323dded2d1d964583a8	60a1cb7c4368ee1582e223728c794a52e0ff15275ce466efafda4887765336e4	INHERITED_29DB4D1_HASH_IDENTICAL	REVIEWED	-
backend/migrations/041_harden_admin_and_runtime_settings.sql	519d81f3969c6438df157e6b39958da78288eb85	ac352403fe044fdf528539343ee83440bc4d3db6afe14cec7c3b894e19bfdba4	INHERITED_29DB4D1_HASH_IDENTICAL	REVIEWED	-
backend/migrations/042_normalize_production_line_machines.sql	838abe5281c7173222a8e1da0b423f32da276c66	d47c23d2a4511985afc378d90528b4483b555edd81a2d9c7de39108eca5ca1c4	INHERITED_29DB4D1_HASH_IDENTICAL	REVIEWED	-
backend/migrations/043_validate_production_line_payloads.sql	368b3a58f047c293a64ccb9c2569fd5dce2a0c24	e332dabc7172c7eac32803ffc29ede4a19c025cc8feb7dc6b13a0d0e0d815e76	INHERITED_29DB4D1_HASH_IDENTICAL	REVIEWED	-
backend/migrations/044_normalize_workshop_badges.sql	eabd5e19f39a4838aad0f4e1ed5d245cf3193aac	ca43a82c6b4f955cf7f5d75cc788b9eb5ad06e0da8f958f924b5c6d52ddebbe5	INHERITED_29DB4D1_HASH_IDENTICAL	REVIEWED	-
backend/migrations/045_create_notification_outbox.sql	092749d42eace89bab4fa5a211857f0de154ec9d	7e70eceb77c369d3a48fddf32e2d7dfbce44a2e58f69496fb36e89a3f2e2411d	INHERITED_29DB4D1_HASH_IDENTICAL	REVIEWED	-
backend/migrations/046_enforce_operational_identifier_contracts.sql	a00179bd085a434f25c912e04af1b932c96ad2b7	eaa5c646dd88357e72cc058fa402f8072d24277473ad343697c531510f98defe	INHERITED_29DB4D1_HASH_IDENTICAL	REVIEWED	-
backend/migrations/047_extend_notification_outbox_terminal_states.sql	2fdf624228d2a0808f9a43eb3a70990cec14cb8f	90def6f955dd62f292eddd402c9b996daf533f16ac1bdf0e534d22e4bb9a33e7	INHERITED_29DB4D1_HASH_IDENTICAL	REVIEWED	-
backend/migrations/048_track_notification_outbox_recipients.sql	7a21c6ec46a806751c24e0154375a74180e9a0a0	fb411c9c9107fd69b45e196f9b5a8342de929db2c4a5e82aa0abf7e215ff692c	INHERITED_29DB4D1_HASH_IDENTICAL	REVIEWED	-
backend/migrations/049_allow_board_session_without_automatic_expiry.sql	3045045217b5a4348c9708df361533e5c165bf3c	6814b03e5d8320141f88a0b8572503bd9063d5036bb4d249f0ace2deb0d50b5f	INHERITED_29DB4D1_HASH_IDENTICAL	REVIEWED	-
backend/migrations/050_model_waiting_reason_separately_from_diagnostic.sql	e154e9ac85deff2adfe77ce1d7e02b43ec16a0ba	6b4e83e9cc85144d12f6c53f62de2099237073101ea3dd563e27e367125c845e	INHERITED_29DB4D1_HASH_IDENTICAL	REVIEWED	-
backend/package-lock.json	d88056fd79053b28aaaa78945b746aab449911f6	728de5f41b71805425aa19d2ca9ef5ac00bf086d7464fed50be8157f9cc21251	INHERITED_29DB4D1_HASH_IDENTICAL	LOCKFILE_VALIDATED	-
backend/package.json	97ef77f5f3ccc050d058c41f8bc83daab140b6ef	df223b8bcdf4d8c6812f04683a15c7ee733cc6d9caddf121b3d272b45e9b701f	INHERITED_29DB4D1_HASH_IDENTICAL	REVIEWED	-
backend/scripts/assertTestDatabase.ts	962a1ba04bb7126ff204e091ad6ceeb7360c17d3	984752afacb72099d61ee5651126f9c8d33bf10951675fb45a1e15357dbc6552	INHERITED_29DB4D1_HASH_IDENTICAL	REVIEWED	-
backend/scripts/seedE2E.ts	57599344ccda9a3780691741bbc5a5dd0a7688f6	e5ec5b39671799f192f2041bd4ec4cc8f83c01b409e3b0cb82b191fec44e9f59	MODIFIED_SINCE_29DB4D1	REVIEWED_INCREMENTAL	-
backend/scripts/seedWorkshopProductionDemo.js	ff5a47afe4457794211d0f01457bc6505d2e5e43	a0bd9f60065ab722383ee0f11c0a32d3bf3824098c009634b91077081923fff1	INHERITED_29DB4D1_HASH_IDENTICAL	REVIEWED	-
backend/scripts/verifyReliability.js	4833716e4689606a37d6e4dcc9b08caa4e6388f4	43ce75cd74a5d1b04e7e37254fd04970c826911a333cd35e6e1b34e13b7af6d5	INHERITED_29DB4D1_HASH_IDENTICAL	REVIEWED	-
backend/scripts/with-disposable-postgres.sh	ecddc6194c050aae120970a09d09b4a95d40af84	c7f536186441f3513691f13b7bf92d31ae0dd8e070f56ecdfce7acd1aa235097	MODIFIED_SINCE_29DB4D1	REVIEWED_INCREMENTAL	-
backend/src/__tests__/httpLogging.test.ts	499bb7f8b2bf25cef348c4e2d71ff6176191230f	e884ab18c5600e1eee3b42752fee7da7f966eee7eb79bfafd9eaf980ed15d0e3	MODIFIED_SINCE_29DB4D1	REVIEWED_INCREMENTAL	-
backend/src/auth/__tests__/authCookies.test.ts	1b99217551a4b62fbcb134d4fea059461d673092	1f5ff735d0f80b0f5485a28a03ced04507b51154d0158dff8621eb09c1eaa4bf	INHERITED_29DB4D1_HASH_IDENTICAL	REVIEWED	-
backend/src/auth/__tests__/bcrypt.test.ts	082a471c1bbfef5c2bae17c8332c2afc027eb926	69ebc5e4c354391a75fa3ae9fb9008e2c20c8cbbdc1c943b73c9613d73b6cf08	INHERITED_29DB4D1_HASH_IDENTICAL	REVIEWED	-
backend/src/auth/__tests__/jwt.boardSession.test.ts	5639a1031799e811e053098070700b3f7569e529	87699f3879636aba5089346706ff08cc3675611ac1f652f7c9e3a62f06e7d7c1	INHERITED_29DB4D1_HASH_IDENTICAL	REVIEWED	-
backend/src/auth/__tests__/jwt.test.ts	ec817d289450685840608f9f310fe0a5015a7a67	869e1692fc1275ef79d130eb2323e17897d4ea77480c932573368644c4763c04	INHERITED_29DB4D1_HASH_IDENTICAL	REVIEWED	-
backend/src/auth/__tests__/sessionPayloads.test.ts	f1e464f932fea779342010ca3c6c1069053867ec	630e713632c32b3c233ae20fdf30972e0ebfe1b3880c62e432f0dcba76d12386	INHERITED_29DB4D1_HASH_IDENTICAL	REVIEWED	-
backend/src/auth/authCookies.ts	e9541049b732278815777c7a5ce525f7b61b77fb	92e800f962ada868bafe25d240c15ffebc2ccb42699902b4996714f5832659cb	INHERITED_29DB4D1_HASH_IDENTICAL	REVIEWED	-
backend/src/auth/authResponses.ts	dcf7dee05880443135075d8aa28850339cfd7d60	ee2682cc6c87b6c97796a3d7582488fba4b6fc65c96140fe9c92df0ecfeb4ddf	INHERITED_29DB4D1_HASH_IDENTICAL	REVIEWED	-
backend/src/auth/bcrypt.ts	a04aefc4005ae951824b164320c5bcd7d228b823	e9d1333d42c1b8aa0a7039613cacf1ff42ed5c30e21eac0f7e85109041cb7c49	INHERITED_29DB4D1_HASH_IDENTICAL	REVIEWED	-
backend/src/auth/jwt.ts	f1182bdf93da65b31ec9a0c26cb00b3751a80081	aa52a5465a569ab6b816b1f756b30be0634b0ebabac2fc38d25bc7a38e830711	INHERITED_29DB4D1_HASH_IDENTICAL	REVIEWED	-
backend/src/auth/session.ts	ce76a7f345e7d941ab8a47c1232f9c3f563999bd	ed353b9a82c9c75d5b8da90efcb268564eb5dba6a09f81840c86e6d1bfa0cc0f	INHERITED_29DB4D1_HASH_IDENTICAL	REVIEWED	-
backend/src/auth/sessionPayloads.ts	fe349ad94346e8a7f54c6531efb6bbed2e80b8ef	9a3bac827e6edd58fae05fa97bfb988e58d49fecf2c8212491d0ad774410145b	INHERITED_29DB4D1_HASH_IDENTICAL	REVIEWED	-
backend/src/auth/setupCode.ts	07bfd931f382703d52babdfcc697ff93ddce633e	5d5c4fb0d3460ad43249d87d39c5d210984cb8cb1e0322f9b23a9d8ab4eb3b70	INHERITED_29DB4D1_HASH_IDENTICAL	REVIEWED	-
backend/src/config/__tests__/production.test.ts	685b301d3ba8c689c1814af32fc1d2d3b8fc3063	d67a72a011325b0e67d66b704ac0188cac8f00d2dabac2429b642a17249fbb87	TERMINAL_DELTA_1A14581_REREVIEWED	FIXED	RC5-AUD-01{state=FIXED;commits=8181b7835d8fd38b01913ed0accc9e1b85a20276;red=docs/rc5-final-incremental-audit.md#rc5-aud-01;green=docs/rc5-final-incremental-audit.md#rc5-aud-01;permanent_tests=backend/src/config/__tests__/production.test.ts+backend/src/middlewares/__tests__/csrfProtection.test.ts+scripts/test-preflight.sh+frontend/e2e/security-contracts.spec.ts;residual_local_risk=NONE}
backend/src/config/production.ts	b494994bea975f9ee0efb46f2b0271ab98d936d1	1570f85a4e158805d7fc4b9be8fcd53bb39efd206ee65068cd02518d8748dff2	TERMINAL_DELTA_1A14581_REREVIEWED	FIXED	RC5-AUD-01{state=FIXED;commits=8181b7835d8fd38b01913ed0accc9e1b85a20276;red=docs/rc5-final-incremental-audit.md#rc5-aud-01;green=docs/rc5-final-incremental-audit.md#rc5-aud-01;permanent_tests=backend/src/config/__tests__/production.test.ts+backend/src/middlewares/__tests__/csrfProtection.test.ts+scripts/test-preflight.sh+frontend/e2e/security-contracts.spec.ts;residual_local_risk=NONE}
backend/src/db/__tests__/seed.test.ts	06cff8646dc0357ad857ee6078c06544a664ccde	83db982d531c5e31a85f5d99ee3fc0de2690bea9dd321d563dd8bd22e96012d6	INHERITED_29DB4D1_HASH_IDENTICAL	REVIEWED	-
backend/src/db/__tests__/sql.test.ts	1c187c84c9c688770263e765b5fa9aadd77f9e2d	26a1f5ed978716b3b091eaffb39e0664f31c523e60746de2b3e13dedbea6cd42	INHERITED_29DB4D1_HASH_IDENTICAL	REVIEWED	-
backend/src/db/migrate.ts	433e52c2ade4f2e25829c4283caa56b57314d37c	aa3eac8dfa96d45a35ddce30e31471197edbb937456888208ce5aec127947833	INHERITED_29DB4D1_HASH_IDENTICAL	REVIEWED	-
backend/src/db/pool.ts	39c676d3c4e5450e508d3312222cf569328326b6	d8084ff75059d8db0f310ccf07d75ef6ea8d88f18d67321e411b41c057c75674	INHERITED_29DB4D1_HASH_IDENTICAL	REVIEWED	-
backend/src/db/seed.ts	41557f8858ebc079b28649b6c39fa82524cfdf00	25719850f6e1da1061ed4084f25ba6b37d1257f4ea54633227c0bb9cbd8a5ba3	INHERITED_29DB4D1_HASH_IDENTICAL	REVIEWED	-
backend/src/db/sql.ts	ad48075a269b1498231a71e9d7ba4761e04d4091	2385fad55987a148e0f1124a8fbbdacd67de013d1060523afef5af8020656a1f	INHERITED_29DB4D1_HASH_IDENTICAL	REVIEWED	-
backend/src/db/transaction.ts	bae6e4781dca56a2126cc5d078ae6d7f67110059	613ef9ca3be4e6ccd25d913dc4db1cbba418c4325de2376b692184ba257d37f6	INHERITED_29DB4D1_HASH_IDENTICAL	REVIEWED	-
backend/src/domain/__tests__/constants.test.ts	04b17b7cd9d84511af79438a847b3f8ece20a3fd	28224a0d411fd35fa392d3662ae8bb0bae278b7296a27cacd199d1c987eb25ad	INHERITED_29DB4D1_HASH_IDENTICAL	REVIEWED	-
backend/src/domain/__tests__/identifiers.test.ts	585906960ec7ac676e246c8e3a4676187c2a1d0f	c4e4c4fb4263b7362a8b956a6af56461e2c44d54c49f2e64f2899b2db7c684dc	INHERITED_29DB4D1_HASH_IDENTICAL	REVIEWED	-
backend/src/domain/constants.ts	816e88b3f9155ffcbd6b7754313dec8241fa18fd	c26f9c3dc16d293195512cee0f07f39528f41dd96a383d103ea0f6193b66f8cd	INHERITED_29DB4D1_HASH_IDENTICAL	REVIEWED	-
backend/src/domain/identifiers.ts	94fa6fe8f04fb040c1f6612faa94daf2a5da642b	72b64af56348c880219d80c2036416f2c302692557956427be9b4e252dae4f21	INHERITED_29DB4D1_HASH_IDENTICAL	REVIEWED	-
backend/src/httpLogging.ts	2d113e787d4058c716361660903b1f09520a6f39	52babaccd94c759e859f4e038470ed2f9cfd528e94f879e3e042d0a5582216e7	MODIFIED_SINCE_29DB4D1	REVIEWED_INCREMENTAL	-
backend/src/integration/__tests__/accounts.integration.test.ts	065745d413c8995169c43bad23c8cbecb3a031c7	800334c20bf20de9711f43009062a349a8d76258d4a8cec4d439e13b5c7d17d9	INHERITED_29DB4D1_HASH_IDENTICAL	REVIEWED	-
backend/src/integration/__tests__/accountsRoleAuthz.integration.test.ts	39d65e82559e6599b482464f7186af6777dd9ac8	ffc7b2eefa74668ccc64f12eece470807ecfc5641947a2bda341ad738f4ae3f2	INHERITED_29DB4D1_HASH_IDENTICAL	REVIEWED	-
backend/src/integration/__tests__/assigneeConcurrency.integration.test.ts	f6c7a2a1c4a3760933181d865e023da46830ad78	8c250165ed5ac1987356321589843c6ac79c262259926b4aafc676679ac36942	INHERITED_29DB4D1_HASH_IDENTICAL	REVIEWED	-
backend/src/integration/__tests__/auth.integration.test.ts	b9dae845aeff860a318598925d7d308fef863418	166b84ea5b20db5d69d95e266bddc3356159fe198ff8e9157b664541aa845756	INHERITED_29DB4D1_HASH_IDENTICAL	REVIEWED	-
backend/src/integration/__tests__/boardArbitrationProjection.integration.test.ts	8379f110b27604092a7d3ed92e739ff024502447	68e23d4be9a555a6777de12c750ee3ecd4ffae3b6d15116c2ccb9442ebcd36fa	INHERITED_29DB4D1_HASH_IDENTICAL	REVIEWED	-
backend/src/integration/__tests__/boardSessionMigration.integration.test.ts	bc58d6fcc957a164a0620e318400914f96b62336	fccba0fdf67268181c8f8dd4b140170ebadae7ef20cf8b1003781fa21e0c6f4e	INHERITED_29DB4D1_HASH_IDENTICAL	REVIEWED	-
backend/src/integration/__tests__/boardSessionSettings.integration.test.ts	3b645b383e4c9245b28f6cf5663dd418fb263eb8	7140d68ecb39ee7ebf3e1e97eba2501e3b859ee8086ff5606ab0fce1e7932e2f	INHERITED_29DB4D1_HASH_IDENTICAL	REVIEWED	-
backend/src/integration/__tests__/boardWaitingReasonProjection.integration.test.ts	a7b5fecdf0c53124086e025dc20a13edcab70530	445293df13215e229f5572ee3071fdfe509f617871b72260796f561a06087d1c	INHERITED_29DB4D1_HASH_IDENTICAL	REVIEWED	-
backend/src/integration/__tests__/cancellationArbitration.integration.test.ts	49dbcfe9f0adbad36be066eaa643f94b03ec146d	e3f25045c19b09417dfe513bcc7a32a448a00488e19c8db0209677ea949f2297	INHERITED_29DB4D1_HASH_IDENTICAL	REVIEWED	-
backend/src/integration/__tests__/correctionArbitration.integration.test.ts	90ae38403a8b63fb8e3c643b25db94ae2cf327a4	be687e569a91f6056ca737095b353881ac9e467c88933eb14cb6c2e48bde8818	INHERITED_29DB4D1_HASH_IDENTICAL	REVIEWED	-
backend/src/integration/__tests__/explicitFollow.integration.test.ts	fe4b6a960ed1f01bb881192eafdea2a4a2653813	1611ecd0e25783265553f2c407626823da51ea8678021996d0e9c1af2385c63c	INHERITED_29DB4D1_HASH_IDENTICAL	REVIEWED	-
backend/src/integration/__tests__/lines.integration.test.ts	14cb4f2d9c1cffe3f392cc781686531ca9b69084	0950b5df2c01b619b519e07ccda219d96cc16e2485cb1fafdc5f8321ee5936e6	INHERITED_29DB4D1_HASH_IDENTICAL	REVIEWED	-
backend/src/integration/__tests__/notificationOutbox.integration.test.ts	2348f5b907d25b6969ce9763c3ba18bacc393dc8	7f1acd352aa21fc4037696e549b8d7d070e779ce6fcb3558837362418eab8b51	INHERITED_29DB4D1_HASH_IDENTICAL	REVIEWED	-
backend/src/integration/__tests__/notificationOutboxWorker.integration.test.ts	1c7cef06045c6d457677bd9bbc04d2a66d3278fc	7fbff09537be4b7def597292b78a71a845e34a2d4b321875a0e273aa4512a670	INHERITED_29DB4D1_HASH_IDENTICAL	REVIEWED	-
backend/src/integration/__tests__/waitingReasonMigration.integration.test.ts	628d8a085b30bd1d15db4c2e32afbc7e1fef4f2a	bdd3f409c9e1e6d2d67226d4419c4c7ba41c49977bcfb16d1dddb5267221b280	INHERITED_29DB4D1_HASH_IDENTICAL	REVIEWED	-
backend/src/integration/__tests__/waitingReasonUpgrade048to050.integration.test.ts	85b339af49f3ec5cc5ebd49c79187432bfd55a6f	b7cedd3bc4943de8747acd86fbbe246bc72704334d5a7972dc6263981d67c3dd	INHERITED_29DB4D1_HASH_IDENTICAL	REVIEWED	-
backend/src/integration/__tests__/workshop.integration.test.ts	43e21c035741a8d2904c5679a8f2503c26fcdeb9	4e214aff591f86d48375290d5b915d7c6f26afd1045787d6e1ad2f3a2734d560	INHERITED_29DB4D1_HASH_IDENTICAL	REVIEWED	-
backend/src/integration/__tests__/workshopAnalytics.integration.test.ts	8f50120014b23c5ee7aa0d006b4ea54eb435ec90	d019d6f23ee6a403c6b294e22834ac8e97823df93a5d9ee08541eea12c1a24f1	INHERITED_29DB4D1_HASH_IDENTICAL	REVIEWED	-
backend/src/integration/__tests__/workshopAuthMiddleware.integration.test.ts	a28931b0818e31c1d006b3c7a97d9169d01e8909	95ef10c888a431f2bc2a5aa42d34dd32be825e10cd8c123b89c6bb214dec4e62	INHERITED_29DB4D1_HASH_IDENTICAL	REVIEWED	-
backend/src/integration/__tests__/workshopDashboardFollowed.integration.test.ts	01bebd5dbd3d90b925d9261a263b6d2b02abe721	4302eb80c144f140b660c6e8c1057dc08073bb05006839ed07c17744126f5d21	INHERITED_29DB4D1_HASH_IDENTICAL	REVIEWED	-
backend/src/integration/__tests__/workshopJournal.integration.test.ts	a3163e0b2f372bc2ad740d65b157155b312c52ac	e77964bc3e4b97396e27cf2d7501634df3050ded1f67a5f377236c6977b4f8ca	INHERITED_29DB4D1_HASH_IDENTICAL	REVIEWED	-
backend/src/integration/__tests__/workshopWorkspacePagination.integration.test.ts	079c7214e1c9febe21c091713646c562a01a1ba5	84c7623910e72a4637827b6aacf98c108a47c0b6294ae51524d8bd61b454650e	INHERITED_29DB4D1_HASH_IDENTICAL	REVIEWED	-
backend/src/integration/helpers/adminFixture.ts	bb49422b980295b750c5158c619c0f213f81d529	67cdabb708afe7bc226ead78e93c50268e815e2866db097d1058681fbaa00aed	INHERITED_29DB4D1_HASH_IDENTICAL	REVIEWED	-
backend/src/logger.ts	0afadd17ecfe268b2b85667bb58cc397fcc4bb9c	5683aad6130b97172e57e7f9278bcf211bfb92fe561cc2453474bbf68063e13b	INHERITED_29DB4D1_HASH_IDENTICAL	REVIEWED	-
backend/src/middlewares/__tests__/apiErrors.test.ts	9a0e90e8013b0d23a5729fa2de8a5f9618581e03	b386dd73c9e6e85a367b62c9d142b48f201c73bdc262081569ffc9ab55627391	INHERITED_29DB4D1_HASH_IDENTICAL	REVIEWED	-
backend/src/middlewares/__tests__/csrfProtection.test.ts	4f45dca43e4d142ef8ab2950c81ba4bf47f74e4b	7d5a2c79e9e4444af3e2a6fb68e1f1f2ff92d3430a326be4d99741a35411ca85	TERMINAL_DELTA_1A14581_REREVIEWED	FIXED	RC5-AUD-01{state=FIXED;commits=8181b7835d8fd38b01913ed0accc9e1b85a20276;red=docs/rc5-final-incremental-audit.md#rc5-aud-01;green=docs/rc5-final-incremental-audit.md#rc5-aud-01;permanent_tests=backend/src/config/__tests__/production.test.ts+backend/src/middlewares/__tests__/csrfProtection.test.ts+scripts/test-preflight.sh+frontend/e2e/security-contracts.spec.ts;residual_local_risk=NONE}
backend/src/middlewares/__tests__/loginRateLimit.test.ts	6639cc64a4d98a03457987cecd3915ab18826831	81093bb875e71d70ff0b4e8fb64981a90b6a0c3a40aff53a70d39d667f8e6465	INHERITED_29DB4D1_HASH_IDENTICAL	REVIEWED	-
backend/src/middlewares/__tests__/securityHeaders.test.ts	254f945806c457179448bb709d1af4a01ef506d1	59f9d8510b8785e0fa1d365d21d8cc25d2ce41f2acc38eef177b87f7cee0480e	MODIFIED_SINCE_29DB4D1	REVIEWED_INCREMENTAL	-
backend/src/middlewares/adminAuth.ts	fd31d6ba615bac8a891a1b68a7c0accb1aefe94c	678e420792a2379df10ec0496db42068fa8da6c123e511e53cc6ac5835372706	INHERITED_29DB4D1_HASH_IDENTICAL	REVIEWED	-
backend/src/middlewares/apiErrors.ts	e00f396b0dca8c88bb1bedf14efc5b6dc433c3ef	58fc881c6ac4176316bbcc407ca942dcc66e9a07301ab92119f68abaf20f48e8	INHERITED_29DB4D1_HASH_IDENTICAL	REVIEWED	-
backend/src/middlewares/csrfProtection.ts	32e1b190b5e1f916b3a03de9fd5903f2aaf88d9c	499b7bd786c26fd48788c099383e72ea9bf7872a08643ef7791fd820323d164a	TERMINAL_DELTA_1A14581_REREVIEWED	FIXED	RC5-AUD-01{state=FIXED;commits=8181b7835d8fd38b01913ed0accc9e1b85a20276;red=docs/rc5-final-incremental-audit.md#rc5-aud-01;green=docs/rc5-final-incremental-audit.md#rc5-aud-01;permanent_tests=backend/src/config/__tests__/production.test.ts+backend/src/middlewares/__tests__/csrfProtection.test.ts+scripts/test-preflight.sh+frontend/e2e/security-contracts.spec.ts;residual_local_risk=NONE}
backend/src/middlewares/loginRateLimit.ts	30d0acceca98542252559cd229e4bf5747f54157	b1f164c042ad0272c5e1e2eb0a50c8606f245f7d4eac8afc1ca7bad863040490	INHERITED_29DB4D1_HASH_IDENTICAL	REVIEWED	-
backend/src/middlewares/securityHeaderPolicy.ts	723636e29a77967a08f2686565981874e66b2297	b9df53915063d4d420be93b71606d165d2f9f24267074df8f130f9e34acd51c4	INHERITED_29DB4D1_HASH_IDENTICAL	REVIEWED	-
backend/src/middlewares/securityHeaders.ts	5f10de094c44b8e8fedd3bf5134d61fa666565a8	e2cb37dc9b056ed09b3681f718c2fbe946da1d9075ee8685c533bbedf6464c9d	INHERITED_29DB4D1_HASH_IDENTICAL	REVIEWED	-
backend/src/middlewares/workshopAuth.ts	2fa20007ef382861491d1dc59228ad7f16af94e6	c7c4f07e76531884c8bd29792352b461e8422d18c2b7a87e74bcf0801648fcbd	INHERITED_29DB4D1_HASH_IDENTICAL	REVIEWED	-
backend/src/modules/accounts/__tests__/accounts.repository.test.ts	f736df3f9d0810b2c3111d894c46ca59d8c1889a	bacfe6a6aa2e713da0c0ebd2ec7e67061a64e9246c40d6baf7be1d2cb73a2721	INHERITED_29DB4D1_HASH_IDENTICAL	REVIEWED	-
backend/src/modules/accounts/__tests__/accounts.service.test.ts	eff353f5f2b429523af04bbdf14c4d3f9745d9d6	0b8d274fee78bcb4e098ebda4ae4ac20645d538e1cfa437c5e0c46940b2fb3ff	INHERITED_29DB4D1_HASH_IDENTICAL	REVIEWED	-
backend/src/modules/accounts/__tests__/accounts.validation.test.ts	e101b2faad340a7dd1eca228ae0a7024987eaafd	b4d068d705ecf0f0d749b52fbcc35e207ca8849bdf05e694be959956623cfc20	INHERITED_29DB4D1_HASH_IDENTICAL	REVIEWED	-
backend/src/modules/accounts/accounts.controller.ts	c3afa84b021646442edd95e1ce5eedd5fcca9e2c	475acb4f5c475d6a5520f01e357b7a75011126a73d13eaba06acad1e0221c89d	INHERITED_29DB4D1_HASH_IDENTICAL	REVIEWED	-
backend/src/modules/accounts/accounts.events.ts	80fe34af938b3aa6dedf2178e0cabf5031ef25b1	bc4f94fc65afc90b931abd14d5696d67f9955685e93029b45271383f194d3cc7	INHERITED_29DB4D1_HASH_IDENTICAL	REVIEWED	-
backend/src/modules/accounts/accounts.repository.ts	37931b83b2f8e0749fcc90c10c91e7a9adc47a49	ac8ef81afc0a28ec7aefe8fb6be1afde4e381bf12958bbb3c652391cab4be127	INHERITED_29DB4D1_HASH_IDENTICAL	REVIEWED	-
backend/src/modules/accounts/accounts.routes.ts	23c296233ae99f6a924a12ac4573074c8396f044	7cc982a5e5a35d9c3adb13650aa841c577d4ce682352d25c879f0689f6398acc	INHERITED_29DB4D1_HASH_IDENTICAL	REVIEWED	-
backend/src/modules/accounts/accounts.service.ts	900a4207c82daebb6a5c1999ffb96d800b850ae2	9925067af64d3842651548b487a54951ce8754375c480ce0479b7c66e9a302a5	INHERITED_29DB4D1_HASH_IDENTICAL	REVIEWED	-
backend/src/modules/accounts/accounts.validation.ts	fd5e00bc0642a442e8bd2a2db914ce10135aebb9	aa7a4faae9554d5f404349569a4b9d9477db66e475e6435e473ac8d537c1432a	INHERITED_29DB4D1_HASH_IDENTICAL	REVIEWED	-
backend/src/modules/admin/__tests__/admin.controller.input-validation.test.ts	0d64ea102768702bd4dac3fc80e8f1e33539e70f	417ec6fa500dbe9418eeb9bcacd396fd2a988243574600af4f534af7c6f2c68d	ADDED_SINCE_29DB4D1	REVIEWED_INCREMENTAL	-
backend/src/modules/admin/__tests__/admin.service.test.ts	f5c747a38f35574cca0f3f71f774d0bed4553e40	fdd79bb5c51c8af0cc881899fb07e2cb275990c1c8fe76efc08ad58db4187780	INHERITED_29DB4D1_HASH_IDENTICAL	REVIEWED	-
backend/src/modules/admin/admin.controller.ts	ea5dd8ef7c653a1ecad851bbbb7e0e4ce6ee08ab	0b92c2cea618bd771ef4dfeffa1898e6684e0d89efc95e1c86290d813cb660d7	MODIFIED_SINCE_29DB4D1	REVIEWED_INCREMENTAL	-
backend/src/modules/admin/admin.repository.ts	0071d1ce2282e4a5c4040137c1d0c6737dc3347c	902c1c681a0fffe25ea582ee36b3a33c15c8de7ae6e533b91d9efff74c74d151	INHERITED_29DB4D1_HASH_IDENTICAL	REVIEWED	-
backend/src/modules/admin/admin.routes.ts	51713dd469328cf0fc7c886c2d5c344bd2f88a8c	772bae84b5e237915e5e9cb740001e8ec349b60dac787509b43f4a9836fea32c	INHERITED_29DB4D1_HASH_IDENTICAL	REVIEWED	-
backend/src/modules/admin/admin.service.ts	005f2ea832a51e7e2e51b968682cf7c7c24d35f4	9b979cc0ab82f9d450d9589c976adb484c1da2210d00a69d4f0fa4fb1a333afe	INHERITED_29DB4D1_HASH_IDENTICAL	REVIEWED	-
backend/src/modules/admin/admin.validation.ts	02db5c042990bb16992cfce0b99c4b4580ad7a92	4cd589fcc7d3738d4caf0de6f1fe0c20336408273fdb09d175695ee158da5603	ADDED_SINCE_29DB4D1	REVIEWED_INCREMENTAL	-
backend/src/modules/adminAudit/adminAudit.events.ts	463e6ce60f4cd6f5f363648ca81921438b6bd844	a1b71cb1c32b5dc4aed24021ea80c6244235f3ccbe98566c82ae898da4784857	INHERITED_29DB4D1_HASH_IDENTICAL	REVIEWED	-
backend/src/modules/adminCredentials/adminCredentials.repository.ts	20cb7218033dfad42a286132b7d408e604c187ca	4fcb622a9110386d332e472653b648739ed524065ff55302710f52f5ae59a295	INHERITED_29DB4D1_HASH_IDENTICAL	REVIEWED	-
backend/src/modules/adminSecurity/__tests__/adminReauthentication.http.test.ts	1614f7e5883c2a633daa5ce20cb62309c85bdfc6	749f869555e1228f6418764954899a91a694199b3daebdd8e6f717b92a016922	INHERITED_29DB4D1_HASH_IDENTICAL	REVIEWED	-
backend/src/modules/adminSecurity/__tests__/adminReauthentication.service.test.ts	84eb9e922cc0c428ab39d5f32952374902d7c479	30ee52a1a9b5aa7fc6084dee59386cf1cb26f26f32bd2c11b305d24dce5786c2	INHERITED_29DB4D1_HASH_IDENTICAL	REVIEWED	-
backend/src/modules/adminSecurity/adminReauthentication.http.ts	973950bd477ed00787ab7bd9fc4da19ee9f9f837	a01666a611f10d08a69f468b3323de302a5ee38e03ea9151b109721c8a2437f8	INHERITED_29DB4D1_HASH_IDENTICAL	REVIEWED	-
backend/src/modules/adminSecurity/adminReauthentication.service.ts	0c4fe22664624326c22c532400e6a524a412fb70	222f22efb629b6e34463cadd23a5130365308a50ab35b20e2866cb69dcbac567	INHERITED_29DB4D1_HASH_IDENTICAL	REVIEWED	-
backend/src/modules/adminSecurity/adminSecurity.controller.ts	2d6e472e6242630312fa2793f0f7df10d9da5c81	4bcc984eb695239780caed9b4333501a34996d2867a8b34fc88394583e4d85dd	INHERITED_29DB4D1_HASH_IDENTICAL	REVIEWED	-
backend/src/modules/adminSecurity/adminSecurity.routes.ts	1f0b23ba59414b76be8850c6d2220034b08f41bb	f088e0a4a8a4af8a719c6ce5af11e1e8d95ae61e947cbcfcdfeed0c5ab92b12a	INHERITED_29DB4D1_HASH_IDENTICAL	REVIEWED	-
backend/src/modules/adminSettings/__tests__/adminSettings.boardSession.test.ts	11916282bda71db12b16a38e55df652f9db6926e	7d8cd62291f4cecac13f24d7d7d0f370351d0fb7ed0a3821cf218ab65bc9d19d	INHERITED_29DB4D1_HASH_IDENTICAL	REVIEWED	-
backend/src/modules/adminSettings/__tests__/adminSettings.controller.errors.test.ts	95657652d0ad077f506c6162e4a05c59aeedc07f	33214e2fea2c8fa20b5324be90dcb6cd06696176e1bd7ec0543b7339f46d0be7	INHERITED_29DB4D1_HASH_IDENTICAL	REVIEWED	-
backend/src/modules/adminSettings/adminSettings.controller.ts	b420b63c11440b2c6e90735da10646a95f78d2ae	ee86692e8c26ab24277b87e9a0186739eaec3e848f1b304f00d310b4fedbd09e	INHERITED_29DB4D1_HASH_IDENTICAL	REVIEWED	-
backend/src/modules/adminSettings/adminSettings.routes.ts	fa8a33c1c2aeabed260de7091b8f1aca2b35e861	e501d68f965093d9daba2cd286b4055e7604c72bc402656672c2cccce9def8a7	INHERITED_29DB4D1_HASH_IDENTICAL	REVIEWED	-
backend/src/modules/auth/__tests__/auth.validation.test.ts	485b2f54fadac75b8805bac1c44504d112a1ab17	5a115482f6b74eb8863178f8076c1ab36a1d9b377ed8cce312f9bf326f3ddb03	INHERITED_29DB4D1_HASH_IDENTICAL	REVIEWED	-
backend/src/modules/auth/auth.controller.ts	2d05aca615330030612c099fa4f170d88d5a8a61	3fb52c641b92cb12a7d6dc715506e7f99ba833c215e0c7271425b6b7e9e66a72	INHERITED_29DB4D1_HASH_IDENTICAL	REVIEWED	-
backend/src/modules/auth/auth.routes.ts	571626a2f72232a3dcf705829d471a234ec1d2a3	bbbc8349819c7f4d1cf2436d1383b4fb21ed04954cb3186adfafbad0b8641fa0	INHERITED_29DB4D1_HASH_IDENTICAL	REVIEWED	-
backend/src/modules/auth/auth.service.ts	397fc722b2ee0e33507b534c03235da9269dcdd4	2cd12b7752448aaf31d24d5aa79f724b9076e14499af275639b164f5c4c27f62	INHERITED_29DB4D1_HASH_IDENTICAL	REVIEWED	-
backend/src/modules/auth/auth.validation.ts	0fd081ee105e534c68a6efb04d0dc6e5a2c0a5a2	a2ef9918b9a1ae2a3cd7b2c51e503c970bc9224cbee626194350197b519bb8b5	INHERITED_29DB4D1_HASH_IDENTICAL	REVIEWED	-
backend/src/modules/board/__tests__/board.auth.test.ts	50553fd9ea3acfde42fab58c7a6eb89dcea3e292	455590ef96f6d2cf4ac76b27cd1cd95d4c42c7c4db508cddc15e29a8900e6e29	INHERITED_29DB4D1_HASH_IDENTICAL	REVIEWED	-
backend/src/modules/board/board.auth.ts	0e35fd6729df3c3bbfd93cdf04b194a347e6030d	e393a0c86e95b829954efb77012e548e07b03237905ade6e92321daddc019696	INHERITED_29DB4D1_HASH_IDENTICAL	REVIEWED	-
backend/src/modules/lines/__tests__/lines.controller.input-validation.test.ts	d067469873578c69b0d0ea5792ed08afa3ef2a27	bbb498327f731fa556d1c8f4680beb5e4f9229401a59d9eb89ee481c807bd47e	ADDED_SINCE_29DB4D1	REVIEWED_INCREMENTAL	-
backend/src/modules/lines/__tests__/lines.events.test.ts	ada95c2eb7ae0de50b8227d563dc028ff3ae890b	c19f608762cc0b0580fccf01768a2eec60de1e840c1d9ffa850df5418d3a335f	INHERITED_29DB4D1_HASH_IDENTICAL	REVIEWED	-
backend/src/modules/lines/__tests__/lines.policy.test.ts	3485cad13983feb732d8a2db03255b2d961179f6	830b31d38e3a1a39efde7f77f07449f0692ad1e18c614d771bbab437dc82f944	INHERITED_29DB4D1_HASH_IDENTICAL	REVIEWED	-
backend/src/modules/lines/__tests__/lines.service.test.ts	6a14e5e8b24a45d32746aef4012205486ac75527	676946611bddb84872276087ba85f7758c09d3ab5edc5f69669a34c26a2596fd	INHERITED_29DB4D1_HASH_IDENTICAL	REVIEWED	-
backend/src/modules/lines/__tests__/lines.validation.test.ts	0c3576b23803dab7866baeb9af6bcbf735dfc921	b04795511d5697bebddf3c9e5c62cfbda81e20f24e75a7db67d2832d71a35c5d	INHERITED_29DB4D1_HASH_IDENTICAL	REVIEWED	-
backend/src/modules/lines/lines.controller.ts	4617fc83472c6f32c14cb488f6f3cd8f97b9eb02	285c429c1b774bca9444e81f57a2cd5e1a86c185a09684c8480708a6d9f56912	MODIFIED_SINCE_29DB4D1	REVIEWED_INCREMENTAL	-
backend/src/modules/lines/lines.events.ts	b85f0553bdc60d152392c20ac29444502d0be608	4b026e3ddd05dc50da4a76edca08d57ca7733d7e43a5138e0a85e6064e92d349	INHERITED_29DB4D1_HASH_IDENTICAL	REVIEWED	-
backend/src/modules/lines/lines.policy.ts	36f3745452858b9a85273eb4bc5181fd88332804	fb3e461e55743d76f2882f46ac0c181d72470af9758445cde03d021b394b2b19	INHERITED_29DB4D1_HASH_IDENTICAL	REVIEWED	-
backend/src/modules/lines/lines.repository.ts	1abcd3dd56648069283fd380fb5c85f29d083100	2354066dad5bad07701b7ae196231d5e0ad980aa26536f712737e9cb388a7834	INHERITED_29DB4D1_HASH_IDENTICAL	REVIEWED	-
backend/src/modules/lines/lines.routes.ts	9407d832447dd8625b0941503fd79cda46ecfd25	3993330facbb1c93c68f7db16de6701cd0b7f285b3bd69e874b51cc4475fda9c	INHERITED_29DB4D1_HASH_IDENTICAL	REVIEWED	-
backend/src/modules/lines/lines.service.ts	fb422465c0c7d9d94883273162bdeec3f71a405b	e045ba3a63600a7f1833d8debff9748b8ac0cbaa6416ba037d2b3a9aba63799f	INHERITED_29DB4D1_HASH_IDENTICAL	REVIEWED	-
backend/src/modules/lines/lines.validation.ts	7c07033317f3ade9ca8fd287fa9df85a9acbc19e	b95cafa17d003db83ad9ce67ed8700050808b0ca9032d591cb9d8a2b81d507ec	MODIFIED_SINCE_29DB4D1	REVIEWED_INCREMENTAL	-
backend/src/modules/notifications/__tests__/notificationOutbox.worker.test.ts	3b9a244eec03bac646194139287f81bf08392380	667be466b129e33d0e62eaeb07a31f43ddf0c49dbe4834270b640b4834d20fe0	INHERITED_29DB4D1_HASH_IDENTICAL	REVIEWED	-
backend/src/modules/notifications/__tests__/notifications.service.test.ts	e933a1a4970f95527ebef0a684c7654a7720e75b	0c7cc9c058370bc0b1551499746ee641318f7080eefcaf981f2aa4eb16c78c05	INHERITED_29DB4D1_HASH_IDENTICAL	REVIEWED	-
backend/src/modules/notifications/__tests__/templates.test.ts	c73e31d94c378e563adf1a327f55130fd5751cb9	b41ebe0b5f54f2de590f7020db1ab2f210d21f0b75198569b530b41c23d3ea97	INHERITED_29DB4D1_HASH_IDENTICAL	REVIEWED	-
backend/src/modules/notifications/mailer.ts	32ff2bb1b7ee1418f202ecacbe4b23ad69f46f45	f9056a77b247d30c51582b48c7683dcb2fd92b2d3c4e6c5f4f257718ad3a7137	INHERITED_29DB4D1_HASH_IDENTICAL	REVIEWED	-
backend/src/modules/notifications/notificationOutbox.repository.ts	99b83a06086aeb6921d35dea5002d76c45c93574	c2b13048999486c768e07f29202667ec3ea72a080eb6100b56b2f1f9258003ad	INHERITED_29DB4D1_HASH_IDENTICAL	REVIEWED	-
backend/src/modules/notifications/notificationOutbox.worker.ts	864cbccbbb2277b2a5d8b277ca7c34fa9f9c79c6	92c132bce960f458a8514eb77caf8a9dab8c9f40f3b9020d1ab94b507ebcfb4a	INHERITED_29DB4D1_HASH_IDENTICAL	REVIEWED	-
backend/src/modules/notifications/notifications.service.ts	6dd01961c6f638c8bedb3ffaac32d08ecebc981c	5dd8d56bca18d2eb06930ed5ef7842e6d588e7d8eed230bb824fce79ae3fcac1	INHERITED_29DB4D1_HASH_IDENTICAL	REVIEWED	-
backend/src/modules/notifications/templates/admin-password-reset-requested.ts	7a103f6fdc1ee52ebb9dd59ca83eaa162bf95307	bb79d7a4afc1d2a04fcf81b69f5aac5e130e4299ed011be18be1595aacbc422d	INHERITED_29DB4D1_HASH_IDENTICAL	REVIEWED	-
backend/src/modules/notifications/templates/incident-update.ts	3761662ef8504ace73ac89bbcc1d9fed6438e810	f934c985a1f03df38f63db66244b828c44d84af545204932fb333025658d8123	INHERITED_29DB4D1_HASH_IDENTICAL	REVIEWED	-
backend/src/modules/notifications/templates/layout.ts	f88802480a843776978aa7c9adbfc40c79d20348	78a3d9e5764092f92474900508f00c3078035434ba361e01a4c236d0aad6ccb5	INHERITED_29DB4D1_HASH_IDENTICAL	REVIEWED	-
backend/src/modules/notifications/templates/responsable-action-required.ts	b6c95f22165f8a638c0a531855ea28e3721e3954	4b45cf4eec61b20e6c93ef8b0a4eb7fe2d8b2cc37634f721706f56d9a5779200	INHERITED_29DB4D1_HASH_IDENTICAL	REVIEWED	-
backend/src/modules/passwordReset/__tests__/passwordReset.service.test.ts	b8e93e3327127fe72e611bafcae150638a08530e	75b404130f3e3eb8fa3a178d66bc0ddf4475c2ca03e31214404163b34dfda55b	INHERITED_29DB4D1_HASH_IDENTICAL	REVIEWED	-
backend/src/modules/passwordReset/passwordReset.controller.ts	6a4518326da94f1297228559230a425782679ae4	c345fafbe24221647e60748b8078e89a049c6a93b71834dc62ad1c97fa71f457	INHERITED_29DB4D1_HASH_IDENTICAL	REVIEWED	-
backend/src/modules/passwordReset/passwordReset.repository.ts	fe1d80807d7ddebe01ff1adcd29d5b410d8b5658	be09606d42a588b8a034dcd7c3a93ac2e631b9a98239f1764eb177c611c49093	INHERITED_29DB4D1_HASH_IDENTICAL	REVIEWED	-
backend/src/modules/passwordReset/passwordReset.routes.ts	9baba837459c8deb8356f28b1da29eebe97c1fe4	9d6379bf243db0a9abd2ead8990cd36eb7d54318a9abf31d19a55e8a331d1580	INHERITED_29DB4D1_HASH_IDENTICAL	REVIEWED	-
backend/src/modules/passwordReset/passwordReset.service.ts	31012dcf7c7857f976248b87c160020c10fbdfc6	07d9ff0a90388fec10d77e2e71ce5f4e51f94f8b9cb243df919730c83019d132	INHERITED_29DB4D1_HASH_IDENTICAL	REVIEWED	-
backend/src/modules/support/__tests__/support.service.test.ts	575310a686316e9c2a2383341b8704d9916de307	1f1aab83e492b055b21d8686e6d16cddc56e87e352f2fc791d2c1c19ff5cf293	MODIFIED_SINCE_29DB4D1	REVIEWED_INCREMENTAL	-
backend/src/modules/support/__tests__/support.validation.test.ts	195a65197a6c77a9e4492ee10c7023dd1e5d2d74	51b72f3a9e5e95ffacd9e6bcd2a27c36d997ad9c4d37aba854b8434478db3438	INHERITED_29DB4D1_HASH_IDENTICAL	REVIEWED	-
backend/src/modules/support/support.controller.ts	91d69fb94dadc8872c86adb91979429a73ea5490	c8f8f53dce6ef67a4c589b25b10f7c37a8f4217a4de8eb2129d471ad4e2348c5	INHERITED_29DB4D1_HASH_IDENTICAL	REVIEWED	-
backend/src/modules/support/support.routes.ts	340e45142d3ab92117de7c133695808dc9a7fcbb	843b178516cb47ac88cf86c9d22a392a801d63bf0177500cf26a2886bedae43f	INHERITED_29DB4D1_HASH_IDENTICAL	REVIEWED	-
backend/src/modules/support/support.service.ts	054f23ec472ea3190bfc8feb0c7744e3b3e0f6b7	0bc9b4d863117793cb8a73fc51cf4f4c62ae94747084e0c030b059a7a5243336	MODIFIED_SINCE_29DB4D1	REVIEWED_INCREMENTAL	-
backend/src/modules/support/support.validation.ts	14e10662d0f5c76bed392b91f7ddd75599ae2d64	b7fc68b75f48581e5ce08a0143207db86278ee3f8caaec0cc95325d043dc7c80	INHERITED_29DB4D1_HASH_IDENTICAL	REVIEWED	-
backend/src/modules/workshop/__tests__/correctionEvents.test.ts	92859440222ff6508583a9b128d7e3a7ae2fe9f6	d5c1294e8238eb44f1ea03db5da5af092ddff0c0599c1ada8b3cf379d4d7d7f7	INHERITED_29DB4D1_HASH_IDENTICAL	REVIEWED	-
backend/src/modules/workshop/__tests__/workshop.arbitration.repository.test.ts	eeaf7fd2a8c912b72579b8c7d247ea8ea8339968	38ae482341c2fdf5a94c80348bb5bf327cbafcd61c151f9703b5f121ec4575f1	INHERITED_29DB4D1_HASH_IDENTICAL	REVIEWED	-
backend/src/modules/workshop/__tests__/workshop.events.test.ts	c250a0976f02957f1e1dab35a080788c36f8cbe5	b75adcf97b847d4eab9679bc634623d738b463af58ac29e5ddeaec70995cebd5	INHERITED_29DB4D1_HASH_IDENTICAL	REVIEWED	-
backend/src/modules/workshop/__tests__/workshop.policy.test.ts	6fb1001c6b10b8381753eaf0ee5e4c23d97884a4	dc726f952a9e417811aba3eb9134b8a180ac24f09936cf686d7d997c99c216a6	INHERITED_29DB4D1_HASH_IDENTICAL	REVIEWED	-
backend/src/modules/workshop/__tests__/workshop.repository.test.ts	bfd60da9cd180707ce0f9d74b9929b234d88d10c	3599f7436741664d2fa262badd813d70cf5a64f99c0967951eec7f6a595fea77	INHERITED_29DB4D1_HASH_IDENTICAL	REVIEWED	-
backend/src/modules/workshop/__tests__/workshop.service.test.ts	95e29d2c24d5b7d96f1848ff17a85b453a16f6dc	6eb4f5409c1ab43df3142ad225ba166f36a1f6730796e814b927e34ddf9fa701	INHERITED_29DB4D1_HASH_IDENTICAL	REVIEWED	-
backend/src/modules/workshop/__tests__/workshop.validation.test.ts	b50cb7a2f997c4b8af74577fd1fc631e2b12a45f	24dffcd64be8f15d1675b34411897a7baf86906ef3009024343471858bd34d00	INHERITED_29DB4D1_HASH_IDENTICAL	REVIEWED	-
backend/src/modules/workshop/workshop.arbitration.repository.ts	b76817015742fe381f89eb8f6ff7662e754e552d	6f02e1bd20f882115da6183f69361e3b0f2722d8f9b434c29f6edf61c17426ac	INHERITED_29DB4D1_HASH_IDENTICAL	REVIEWED	-
backend/src/modules/workshop/workshop.controller.ts	c9c2fed1b39e4ab809bb07073775cd54ee95204f	7bf5fed529e0781359e96a8d6669490bd683ddf7ec678ea145130b12866df74c	INHERITED_29DB4D1_HASH_IDENTICAL	REVIEWED	-
backend/src/modules/workshop/workshop.correctionEvents.ts	bcdb054b91542e5e0d6ec682598a50b1b5bc8169	0842b7f94bc51bbb1bd088e72a595c7e889ff9245de2d14396e45115629cf153	INHERITED_29DB4D1_HASH_IDENTICAL	REVIEWED	-
backend/src/modules/workshop/workshop.events.ts	b55b1ca2c84c51c6719c4f22aa63de3938394fe6	2872fb087da69104f1247824efd3d8ba35e5eb4ebcbe93495f93541b928cd5f1	INHERITED_29DB4D1_HASH_IDENTICAL	REVIEWED	-
backend/src/modules/workshop/workshop.policy.ts	49e51fb243d863a0c9fd326f1cfaf1a928607909	0f34d57e2217f5415c974681441442c661ea2828978f28ad6e5ded73ab7a2d58	INHERITED_29DB4D1_HASH_IDENTICAL	REVIEWED	-
backend/src/modules/workshop/workshop.repository.analytics.ts	eba6d873c01ea8422b514b0eb5f0e30ad86dbcfc	746a1f7382a9c9369643f095bc0f7b2c26390b6e17a2fbfa392b4e5d64992828	INHERITED_29DB4D1_HASH_IDENTICAL	REVIEWED	-
backend/src/modules/workshop/workshop.repository.ts	2befc3e883bd1c82bc3b681e78e38f622f7fc856	84b7d26093bdee1ab66cea11ab8eb182a24d8ddaa24d0c4aa371cbc14c2b12b3	INHERITED_29DB4D1_HASH_IDENTICAL	REVIEWED	-
backend/src/modules/workshop/workshop.routes.ts	702fde9eb1ddc97020033bbd9e7f953ac5ed0da2	fd498b61c970fe045039699c075239dfba44018f5ebd874e945fa358bd519bb1	INHERITED_29DB4D1_HASH_IDENTICAL	REVIEWED	-
backend/src/modules/workshop/workshop.service.edit.ts	f1086b67c349fd4d6bd00aa2778a5a8a5f2d47d7	f0186f84b59699aec78e71720cbbce8196d3a9d67ac2a5233ebaf4fdd2f15127	INHERITED_29DB4D1_HASH_IDENTICAL	REVIEWED	-
backend/src/modules/workshop/workshop.service.mutations.ts	61f241254b0beab85ac549a2574e7ae13809d2b1	81d8283abbf36ad7c699274a4f344f3eca2b589567aa6b6f1e016ada17b20fed	INHERITED_29DB4D1_HASH_IDENTICAL	REVIEWED	-
backend/src/modules/workshop/workshop.service.ts	4bab920629c00f62ea6fa47292dbb6fcbfddc869	ad0de4a727e3f1b946ec028e41c526c28f578a478651943cf42ed9bc323cbde3	INHERITED_29DB4D1_HASH_IDENTICAL	REVIEWED	-
backend/src/modules/workshop/workshop.validation.ts	4d6200d565cf4fd24c3c8696c081993a5e3ceeaa	29c67875f1ae5644c6ca16340a8df0562170d369941b22353e9477126501f8e6	INHERITED_29DB4D1_HASH_IDENTICAL	REVIEWED	-
backend/src/modules/workshopCredentials/__tests__/workshopCredentials.repository.test.ts	49dc5a32fea7aa81c79c2d2b5855b289c93e7cd7	a2bb68dcf936ab3082d923c7d2850b29046d385cec44c2718fca1977e274d74b	INHERITED_29DB4D1_HASH_IDENTICAL	REVIEWED	-
backend/src/modules/workshopCredentials/__tests__/workshopCredentials.service.test.ts	b6e2b970df6f872dccb8b091cc7d18162fdcdd4c	06bc53731d095a9e96f69ddc6d7473106b518b4af3136b6a9402f948dc34edcd	INHERITED_29DB4D1_HASH_IDENTICAL	REVIEWED	-
backend/src/modules/workshopCredentials/workshopCredentials.repository.ts	7e86661b103ba4b219bb088dbd02c061ab4e0a3b	fde2124a9e30b35e784f1031e6078389f4675c0c199bc3b30c4f166c2d409928	INHERITED_29DB4D1_HASH_IDENTICAL	REVIEWED	-
backend/src/modules/workshopCredentials/workshopCredentials.service.ts	974ecace518c47718725ff955f785c5824bb4e9e	f517e79d70dd1881d3e39b26255e2fa2a68f457f344f1a5135b2d8e17f552141	INHERITED_29DB4D1_HASH_IDENTICAL	REVIEWED	-
backend/src/scripts/checkProductionConfig.ts	41d4f89e92576534fae5e1f1b4df30ab594b0d51	088616f12cbed9eb34e03ebcf30ef64ee4ec096a5e37e670c76d9699f3c6c6b7	TERMINAL_DELTA_1A14581_REREVIEWED	FIXED	RC5-AUD-01{state=FIXED;commits=8181b7835d8fd38b01913ed0accc9e1b85a20276;red=docs/rc5-final-incremental-audit.md#rc5-aud-01;green=docs/rc5-final-incremental-audit.md#rc5-aud-01;permanent_tests=backend/src/config/__tests__/production.test.ts+backend/src/middlewares/__tests__/csrfProtection.test.ts+scripts/test-preflight.sh+frontend/e2e/security-contracts.spec.ts;residual_local_risk=NONE}
backend/src/scripts/hash-board-code.ts	2a7262d35e3eca5b221908325ce5f52e82764ca5	6e34cd44da7e47cd4c228fcade29247cf8bf1b574c2084297bf44ae771229c14	INHERITED_29DB4D1_HASH_IDENTICAL	REVIEWED	-
backend/src/scripts/reset-admin-password.ts	dde3f20a50bb8bc70fb74fabc886f1544ab9d651	7b6926b286475ff545d19585d325ce1ba3f2721f2f43c017a37a25504dabc0da	INHERITED_29DB4D1_HASH_IDENTICAL	REVIEWED	-
backend/src/server.ts	ccdf3833376db93ea159b9bbb8f55e4b101b096b	2c72b1dd9f8d7f7b402aea311a628dd583e1bd06390eba5149543cbbec7e0670	TERMINAL_DELTA_1A14581_REREVIEWED	FIXED	RC5-AUD-01{state=FIXED;commits=8181b7835d8fd38b01913ed0accc9e1b85a20276;red=docs/rc5-final-incremental-audit.md#rc5-aud-01;green=docs/rc5-final-incremental-audit.md#rc5-aud-01;permanent_tests=backend/src/config/__tests__/production.test.ts+backend/src/middlewares/__tests__/csrfProtection.test.ts+scripts/test-preflight.sh+frontend/e2e/security-contracts.spec.ts;residual_local_risk=NONE}
backend/src/testing/__tests__/databaseGuard.test.ts	532da6b1e05314f0ec7a32c7bb9eaf880b568b77	8992ca3dff00e6bb9d03f7c10e52f3ecd3b4fe3f2722ce20b7785009d5668092	INHERITED_29DB4D1_HASH_IDENTICAL	REVIEWED	-
backend/src/testing/databaseGuard.ts	93fbaa1119e157a5a6a2e3a1d7031f6cb7825c72	8eef0826e5b88ed66e27990c950a8bd2e4d282ec80ca6ef5038c1626b4150d64	INHERITED_29DB4D1_HASH_IDENTICAL	REVIEWED	-
backend/src/testing/jestIntegrationGuard.ts	532fd882b8eb6dde07027b7e791097f97480a9b3	04184c30ab57bc7559cd6be8cfba1a44f940fb3e8138020b45b5b3e13a10d3bb	INHERITED_29DB4D1_HASH_IDENTICAL	REVIEWED	-
backend/src/utils/__tests__/controller.test.ts	4f20237050bf45bd2e3f0a6841d9ced7853ee6c6	3d3ced6392853548d4daebfeaaf622b93e852599b92d15fdda0d4a05149e9a8e	INHERITED_29DB4D1_HASH_IDENTICAL	REVIEWED	-
backend/src/utils/__tests__/cursor.test.ts	d2cd279ff70c6c3a8eb37899eb2cb0841c017738	0305a54b00b84de3c91fb6d891e2412430ef260ba118c278a04160d02d29ced6	INHERITED_29DB4D1_HASH_IDENTICAL	REVIEWED	-
backend/src/utils/__tests__/errors.test.ts	45b3a2e5235f144346ef9a923b4e09f9372ef589	1d66bd4633881d90faaff6a90a3d9490b2bdc0a63c6dd31089c045259b1810c9	INHERITED_29DB4D1_HASH_IDENTICAL	REVIEWED	-
backend/src/utils/__tests__/serviceResult.test.ts	c5c466a0de08d1db27675fb8b06a49f70dcf2dd9	786b41df4a201119865224fc0c7ffd55678b62fe6915f1acc7694a8b72f143f6	INHERITED_29DB4D1_HASH_IDENTICAL	REVIEWED	-
backend/src/utils/controller.ts	d5f7e95cae7c01921bc49363e5fb3b62c34610ab	5e387dc05c3ac52df6a57f362bd3bc786ed6203c361a37ae53f6bee0f46f8310	INHERITED_29DB4D1_HASH_IDENTICAL	REVIEWED	-
backend/src/utils/cursor.ts	78ac96790042401dba5571c63637a43ac5b84fff	ed0d050eb44ea1dc3dd468e82b8acece6e9242a3facfa4567b12bfa6bba119ef	INHERITED_29DB4D1_HASH_IDENTICAL	REVIEWED	-
backend/src/utils/errors.ts	bf618a6888f107812aa7b9a1640fa1a5a4e9fc9a	8fa10e8297d376aa9f881c317a1ccfc651afcf072ac59cb2bc5fbe359e21ad9e	INHERITED_29DB4D1_HASH_IDENTICAL	REVIEWED	-
backend/src/utils/french.ts	711624a9adab2e386d96b0a287911ef1bc90e9a9	65a4c73511d4d64432c6a34f9ad88da67624b67866c4c1afa52a9e3ecf13ca2d	INHERITED_29DB4D1_HASH_IDENTICAL	REVIEWED	-
backend/src/utils/inMemoryRateLimit.ts	39e4a8ac5a24701604795de096f679d0c6b8785a	c761e6d06a2a46325e729160f2e9168ce0218d8f5e006a08085eebacaac90b90	INHERITED_29DB4D1_HASH_IDENTICAL	REVIEWED	-
backend/src/utils/postgresError.ts	a5ab9f5a4e2305e73694dc73a7cee805fe378ae6	e9c75f210ea676ba0e743a0bd1c9d5d4c7d39b20d7d65c9c4e4689984814f6cf	INHERITED_29DB4D1_HASH_IDENTICAL	REVIEWED	-
backend/src/utils/serviceResult.ts	37a1d2a89ffffa3246820ababe1457bc7a8409ef	ecdb6a7b4f5f7b33c758ef44f2f24a77331eb8f66780c9b93165029dd919a411	INHERITED_29DB4D1_HASH_IDENTICAL	REVIEWED	-
backend/tsconfig.build.json	1cc759a189b975b41fc0edadc82b841e0a41c4c0	cb4af297e59cd23b43fc13244dc0366799a5c5bbdd3accaca88a56ada63828af	INHERITED_29DB4D1_HASH_IDENTICAL	REVIEWED	-
backend/tsconfig.json	50572daa3e16c468aa3be8b65b31c865ee9a4efd	d49bdb658f222bf369488db5a7ef7f7193b692a31fc4f8d4fc979122df280caf	INHERITED_29DB4D1_HASH_IDENTICAL	REVIEWED	-
backend/tsconfig.scripts.json	8a150fbb4a66b6180238f4ebceeb6bad2752653d	6a1f39740b53e11c63ee0a31083c7871c135fce33382feeb4158e8ed710e8713	INHERITED_29DB4D1_HASH_IDENTICAL	REVIEWED	-
deploy/nginx/sentinel.conf.example	99f79427a08d1d4d6ad375d6676f4e2e534b7f5e	dcfb903ddee50f0f1d358f8e2966179c86590524e7903d425da526dc5a89e4a8	INHERITED_29DB4D1_HASH_IDENTICAL	REVIEWED	-
docker-compose.host-proxy.example.yml	0b7c0567f8b8733513703f9d9be75f0d7f165966	899bf72c08c6c5f0bd5d5d0f9c12848804d5e7a3ef69a49da908e5dcab58c9bb	INHERITED_29DB4D1_HASH_IDENTICAL	REVIEWED	-
docker-compose.registry.example.yml	3095c90d2d0722bd3ffe960f59d666597f5c2dfe	cf1e6095a547760d0bf9d5c712de06d73ed996401f22a71c5f153ae7e98c75b7	INHERITED_29DB4D1_HASH_IDENTICAL	REVIEWED	-
docker-compose.yml	e99291a47ba3de47d095beb97b8dd735845416fc	c1b3fa5415c48ad498f8cb5015a596ab9aefb51529552acd4f982d6e0c173e1a	MODIFIED_SINCE_29DB4D1	REVIEWED_INCREMENTAL	-
docs/audit-prod-resultats.md	a8548694b93edcc3ff4deec998066fdb3a91e583	def61d0f6d7e617a4b2056ab7599dd73d3378ca03e424ce1b5de4ba926ee01d4	INHERITED_29DB4D1_HASH_IDENTICAL	REVIEWED	-
docs/audit-prod.md	c737a6ecd610284bd1ca29e4627f4e5f622dd10b	2e29f1a7cc9686237119d6f3f21ddeb280034cd540e5c37e5a64b16369567ff4	INHERITED_29DB4D1_HASH_IDENTICAL	REVIEWED	-
docs/cadrage-fonctionnel.md	a917873f5b3d18bba45b5158985595a761b618de	aecb168ac4dfa1216e039a0b58bbd47200bcd5e5b76b8c5b620c3b5d96973a79	MODIFIED_SINCE_29DB4D1	REVIEWED_INCREMENTAL	-
docs/dependency-security-exceptions.md	6f35c47b1f99925b633aeb28f223b96b817325d6	934dc565d5b98a0aa38072e5981476b23c369c380d6ff45100c3dce3e5e42605	ADDED_SINCE_29DB4D1	REVIEWED_INCREMENTAL	-
docs/deploiement-vps.md	a274e83b6841b5ba4195173703936fe8660bf122	a50c3e6a1aeea44a1c709812bb2deb5ca258b7de236f762912dd6f0d20eef0f6	TERMINAL_DELTA_1A14581_REREVIEWED	FIXED	RC5-AUD-01{state=FIXED;commits=8181b7835d8fd38b01913ed0accc9e1b85a20276;red=docs/rc5-final-incremental-audit.md#rc5-aud-01;green=docs/rc5-final-incremental-audit.md#rc5-aud-01;permanent_tests=backend/src/config/__tests__/production.test.ts+backend/src/middlewares/__tests__/csrfProtection.test.ts+scripts/test-preflight.sh+frontend/e2e/security-contracts.spec.ts;residual_local_risk=NONE}
docs/doctrine-ux.md	ec949ba3f8229a688809ed8e49ae822821f09da8	161d24f4af7dc4ece92f2f8752920ff9616727bef380879ad6b2cff3de44045f	INHERITED_29DB4D1_HASH_IDENTICAL	REVIEWED	-
docs/documentation-technique.md	73b9cc390f92138d9f2d6ca1d0b38b581b011093	0ffba61e67ebf509b434de9a70ad4089458b118578ef1bab10dee7151979fdd1	TERMINAL_DELTA_1A14581_REREVIEWED	FIXED	RC5-AUD-01{state=FIXED;commits=8181b7835d8fd38b01913ed0accc9e1b85a20276;red=docs/rc5-final-incremental-audit.md#rc5-aud-01;green=docs/rc5-final-incremental-audit.md#rc5-aud-01;permanent_tests=backend/src/config/__tests__/production.test.ts+backend/src/middlewares/__tests__/csrfProtection.test.ts+scripts/test-preflight.sh+frontend/e2e/security-contracts.spec.ts;residual_local_risk=NONE}
docs/dossier-projet/corrections-dossier-final.md	63cb7f8d368e5ef270142fb9383f45dfc6a321f2	def7e1117973bf923587f37a7336dd9d6e7f5907eb9be93767ae5ad3843d89c6	MODIFIED_SINCE_29DB4D1	REVIEWED_INCREMENTAL	-
docs/dossier-projet/dossier-projet-dwwm.md	af37d775e0e8066f45c45ef91b880019e2caa13a	14cdd53cc9257558bb8b5e416792ec44ca87a64f4b15c6a6f074676a86a9b99d	MODIFIED_SINCE_29DB4D1	REVIEWED_INCREMENTAL	-
docs/dossier-projet/liste-captures-a-realiser.md	3b8bff6562d8b04136b6d73c5bd076c564efcb2d	ed4a7ac517eee2a10080139cf6c4dd440fca682b2dea8a35d646a723dbe681a8	MODIFIED_SINCE_29DB4D1	REVIEWED_INCREMENTAL	-
docs/dossier-projet/schemas-mermaid.md	53061e151176d114bb04ee862fcd2bb766a79947	fbadb5b1fc0845bac7db10f1f5758790cb9d9cb03ee3dd6a4ab10f14dd49bbca	MODIFIED_SINCE_29DB4D1	REVIEWED_INCREMENTAL	-
docs/github-release-protection-checklist.md	b2de14483da844fa545d150368a36be0d0d8f55a	25db0abadf00fe2837263003e9691fce1ee150354d2191355dd0c73fea2e2e59	ADDED_SINCE_29DB4D1	REVIEWED_INCREMENTAL	-
docs/jeu-essai.md	a9a38884c333562f46ba5f535caba565895a8d47	4d9034617decf440f1c54a9396d32686c8ef64191805eee345fa679c62e4a7b3	MODIFIED_SINCE_29DB4D1	REVIEWED_INCREMENTAL	-
docs/manual-tests.md	51d23371baa059ef162cae7da75dcfb7ab5b419d	e89650f05a3e36cb158c324cf9801614ae01cce478494f550e21b90349e859e0	MODIFIED_SINCE_29DB4D1	REVIEWED_INCREMENTAL	-
docs/plan-ux.md	19e7cd946ec50c7e25900b225ef7fb38c2f63190	c46197957d3ae8055e5790126fdc410f563cc5154d117fea9592e5f59e2a68ee	INHERITED_29DB4D1_HASH_IDENTICAL	REVIEWED	-
docs/rc4-mutation-inventory.md	afc8d5a2fe569fa33f71279e545a94d184632e73	f30fd5899e617e5f5086ba107b946164f352445ec59bc735d4da2c1663e9ef8b	INHERITED_29DB4D1_HASH_IDENTICAL	REVIEWED	-
docs/rc5-decision-dossiers.md	ed9d269a4176b34b348e1c9271bfa5eef50044f4	b95e5c8e0de4e35c3c9a3011bf638a0f0c249b1979ed9bbfdddd90080d0f0e7d	TERMINAL_DELTA_1A14581_REREVIEWED	REVIEWED_TERMINAL_DELTA	RC5_DECISION_DOSSIER_BLOCKED_EXTERNAL
docs/rc5-final-incremental-audit.md	25342e22be0bca909d82253fb2cb9d52f5e4ff10	11f42605980df0c0261ec86800f045a724494f30c4a05c42ab669d5f01be38a8	TERMINAL_FINAL_ARTIFACT	SELF_REVIEWED_FINAL_ARTIFACT	FINAL_LOCAL_AUDIT_BLOCKED_EXTERNAL_GLOBAL_GO_NOT_GRANTED
docs/rc5-mutation-feedback-audit.md	778346d71a7c067ed574db5385ce9b5db122563d	15491e380c958d4e77ac6662cc32152817add13d2effe5c3eb6ca2a4a99644be	INHERITED_29DB4D1_HASH_IDENTICAL	REVIEWED	-
docs/release-checklist.md	3133de38b06e256d7de4c7e4ae5bb49a667bf1b6	3441edfc9f2d6124209dd340f68cf932cc96d25921209e8165a63ff9e2481f9a	TERMINAL_DELTA_1A14581_REREVIEWED	FIXED	RC5-AUD-01{state=FIXED;commits=8181b7835d8fd38b01913ed0accc9e1b85a20276;red=docs/rc5-final-incremental-audit.md#rc5-aud-01;green=docs/rc5-final-incremental-audit.md#rc5-aud-01;permanent_tests=backend/src/config/__tests__/production.test.ts+backend/src/middlewares/__tests__/csrfProtection.test.ts+scripts/test-preflight.sh+frontend/e2e/security-contracts.spec.ts;residual_local_risk=NONE}
docs/release-readiness-rc3.md	1c1f250bfc50667f145833734dde59837e41cd6a	e59255cd830c7b9bb226f969d53dcbff2395f491b1b519d8c3fc187d4eeafe47	INHERITED_29DB4D1_HASH_IDENTICAL	REVIEWED	-
docs/release-readiness-rc4.md	89d87aad18e6858c1b7f4aac1755b79c9c3095ce	4cc1fe0480c8f9c8c637ccf15fb395a04135979bf7ac5a3f1866fbdc708f72d2	INHERITED_29DB4D1_HASH_IDENTICAL	REVIEWED	-
docs/release-readiness.md	f13c3bea4a5e24b12c2fcd7a4adddcdf7a74fbee	f331f814ca69cf0351b427af6b9f9224928431ca2595f1b8fe240b71871de5a1	TERMINAL_DELTA_1A14581_REREVIEWED	REVIEWED_TERMINAL_DELTA	RC5_LOCAL_CLOSURE_BLOCKED_EXTERNAL_GLOBAL_V1_NO_GO
docs/runbook.md	49f930e70ae0858e7732b8fcc7cece601ce810e2	4338f8d628e45a923b82f7f0337d4718a37953cdaf11b69c7da5ee705dbc6857	TERMINAL_DELTA_1A14581_REREVIEWED	FIXED	RC5-AUD-01{state=FIXED;commits=8181b7835d8fd38b01913ed0accc9e1b85a20276;red=docs/rc5-final-incremental-audit.md#rc5-aud-01;green=docs/rc5-final-incremental-audit.md#rc5-aud-01;permanent_tests=backend/src/config/__tests__/production.test.ts+backend/src/middlewares/__tests__/csrfProtection.test.ts+scripts/test-preflight.sh+frontend/e2e/security-contracts.spec.ts;residual_local_risk=NONE}
frontend/.dockerignore	d3e5db67641c0f93a3899cc57f1b3cc124b1b0ef	ddad383a6fe25908c113445523a2ebc291406e288ddecaf75ee23b7e5ad5e3d1	INHERITED_29DB4D1_HASH_IDENTICAL	REVIEWED	-
frontend/.env.example	671370b38231773a4a36fdf1249104a87ac18462	ae5d1db9ad146a8451a0767d464edd2ef146816fb171e1eba32f006a38cff080	INHERITED_29DB4D1_HASH_IDENTICAL	REVIEWED	-
frontend/Dockerfile	ace18eae01a6130169b27133fb0ff4b2a66f1f50	b187ca144a82d99851766d69c5af68d924e0e1ff033af555511e421ed83d2775	MODIFIED_SINCE_29DB4D1	REVIEWED_INCREMENTAL	-
frontend/e2e/accessibility.spec.ts	5fbd61dca7cbd18005dac3a3aa4d1920630365eb	6d03efbda93a364ec637e8dcf30bfe3b066eebf50dc227447ce81f3ee301217b	INHERITED_29DB4D1_HASH_IDENTICAL	REVIEWED	-
frontend/e2e/admin-board-session-revocation.spec.ts	b6ec4f9cb0b4947d8a70b249eb38c613758cf33b	9abd48191d58c2d662dd3894e7c67807a2c82eed108a7e55bb60ec06544d7c02	TERMINAL_DELTA_1A14581_REREVIEWED	FIXED	RC5-AUD-04{state=FIXED;commits=2d192c0657ef25ae5d39107781a9d315d9e96ae0+35492c3ba9f822b05e0ba1ed82b5062116912d38;red=docs/rc5-final-incremental-audit.md#rc5-aud-04;green=docs/rc5-final-incremental-audit.md#rc5-aud-04;permanent_tests=frontend/src/components/__tests__/AdminPasswordConfirmModal.test.tsx+frontend/e2e/admin-board-session-revocation.spec.ts;residual_local_risk=NONE}|RC5-AUD-05{state=FIXED;commits=2d192c0657ef25ae5d39107781a9d315d9e96ae0;red=docs/rc5-final-incremental-audit.md#rc5-aud-05;green=docs/rc5-final-incremental-audit.md#rc5-aud-05;permanent_tests=frontend/src/pages/__tests__/AdminSettingsPage.a11y.test.tsx+frontend/e2e/admin-board-session-revocation.spec.ts;residual_local_risk=NONE}
frontend/e2e/admin-users.spec.ts	850247670d0ef58796996f231198d4797f17c8a7	5f2bba118668a7cb09437f91127ba543e3ddf6a400b912a0ed5fac3a4f99ff1a	INHERITED_29DB4D1_HASH_IDENTICAL	REVIEWED	-
frontend/e2e/auth-logout-feedback.spec.ts	222a079d356c18f1e722c7f740e5a21ec0fa9da0	4075ca141b32a69a8e9624566591844916f6bed2551b9ab110e8efca9dea3e17	INHERITED_29DB4D1_HASH_IDENTICAL	REVIEWED	-
frontend/e2e/board-alert-card-responsive.spec.ts	044c5f202447af2f795a756b9c36abd981674024	26e2d104ef0a31579e0cbb4f2e60a797e40bd2f20c45de5debdeb691935f529e	MODIFIED_SINCE_29DB4D1	REVIEWED_BACKLOG_P2	BACKLOG_NONBLOCKING
frontend/e2e/board-waiting-reason.spec.ts	4ce5fd12fbb8e0aa83036b6adbf048391c61a044	d45f95e6cb90d7114ea4b8839b8905a7d460b822a6bb48ff32d715336bd55792	INHERITED_29DB4D1_HASH_IDENTICAL	REVIEWED	-
frontend/e2e/board.spec.ts	c06d752037e40beca69a556fb3680980d00ba2a8	b8b775710a7877c6f9fa3625fe2d4a6b8c9e047e700feee21742ec7c9d8e7e8a	INHERITED_29DB4D1_HASH_IDENTICAL	REVIEWED	-
frontend/e2e/edit-machine.spec.ts	ba608f09b028943b7fa38cde159b48248901e10f	4e3a96f9f5e1f75a1554ccf17fff1da2acea6d3c8baa72ca78c11bbb8ebf06e0	INHERITED_29DB4D1_HASH_IDENTICAL	REVIEWED	-
frontend/e2e/fixtures.ts	b46e53fe358df352fd8702c7eed67035fb148fec	cc5fce9613efdc07521b3afa712bb587c6416ce07743da7c099bfd91963c23d1	INHERITED_29DB4D1_HASH_IDENTICAL	REVIEWED	-
frontend/e2e/incident-card-activation.spec.ts	094bef7d7f0f18d80a33d4718d77c5ae1f6433e0	2b77d5b405abdf41e5cb10ede94e9e4c226c8320466164a0fc79b6057bce7b57	INHERITED_29DB4D1_HASH_IDENTICAL	REVIEWED	-
frontend/e2e/incident-detail-scroll-reset.spec.ts	1d0adf73856954ecc027dd896500f289101f1585	fef57fc340454aa13f2c8dfed29fa2ece82527877f88c437a408d590fb2ad21e	INHERITED_29DB4D1_HASH_IDENTICAL	REVIEWED	-
frontend/e2e/incident-detail-scroll.spec.ts	456aab7afd8595c23d38867223811310159d1bee	6a9dd1d4848e81739b1f17e0080a2a1d0107ec09c1fc1c356d305d7d6d2af2cc	INHERITED_29DB4D1_HASH_IDENTICAL	REVIEWED	-
frontend/e2e/incident-lifecycle.spec.ts	7ee42863e90e8696476845001e71391245e0a506	8854083dd2b7e04702ce1b8e8de5893c75bedd86cf621ef202614c9b78c64ad0	INHERITED_29DB4D1_HASH_IDENTICAL	REVIEWED	-
frontend/e2e/incident-urgent-critical-styling.spec.ts	aeeef1cc74730c55061f6fd933e830b3afdb21bf	4aa85b2978dbc3a07f757a7b6207a98ca1128ee03e069e5bcc0568034795b791	INHERITED_29DB4D1_HASH_IDENTICAL	REVIEWED	-
frontend/e2e/journal-filter-alignment.spec.ts	e1b7f92503fabc73a60562fe52b7f9f335a4315d	ea4fa9fc7e6b4991eb9ce499b2f8b52ab847ec6a6d0b85c8a50e1c5850392d7c	TERMINAL_DELTA_1A14581_REREVIEWED	FIXED	RC5-AUD-02{state=FIXED;commits=0b46903823a68d9e4a91a0bfcdb7999ebae249b9+11443efa7e4eb5d198b2e73d090624e017504c11;red=docs/rc5-final-incremental-audit.md#rc5-aud-02;green=docs/rc5-final-incremental-audit.md#rc5-aud-02;permanent_tests=frontend/src/hooks/__tests__/useJournalData.test.ts+frontend/e2e/journal-filter-alignment.spec.ts;residual_local_risk=NONE}|RC5-AUD-03{state=FIXED;commits=dbacf3c29f0bb726419ea7ad4cc545ad39c07642+8aa53a373bab039bb845a957dfce9355537df29a;red=docs/rc5-final-incremental-audit.md#rc5-aud-03;green=docs/rc5-final-incremental-audit.md#rc5-aud-03;permanent_tests=frontend/src/hooks/__tests__/useJournalData.test.ts+frontend/src/utils/__tests__/workshopAnalytics.test.ts+frontend/e2e/journal-filter-alignment.spec.ts;residual_local_risk=NONE}|RC5-AUD-06{state=FIXED;commits=2d192c0657ef25ae5d39107781a9d315d9e96ae0+35492c3ba9f822b05e0ba1ed82b5062116912d38;red=docs/rc5-final-incremental-audit.md#rc5-aud-06;green=docs/rc5-final-incremental-audit.md#rc5-aud-06;permanent_tests=frontend/src/pages/__tests__/WorkshopJournalPage.test.tsx+frontend/src/pages/__tests__/WorkshopJournalPeriodRemoval.test.tsx+frontend/e2e/journal-filter-alignment.spec.ts;residual_local_risk=NONE}
frontend/e2e/knowledge-responsive.spec.ts	340f6ac12ac828c22291b00f3e0a9f54951ee44a	328ae4a4ffbdbea01c478f0a63486b00fd4280229fca9721322d74e5e836663c	MODIFIED_SINCE_29DB4D1	REVIEWED_INCREMENTAL	-
frontend/e2e/mutation-feedback-geometry.spec.ts	d743f828473ea196c53b6972dc16ba2335808b72	69814b11af28f55eed35a9febd69d0dec093a21a6363a7cc7ac8ed47a6b41c99	INHERITED_29DB4D1_HASH_IDENTICAL	REVIEWED	-
frontend/e2e/pilotage-period-filter.spec.ts	10ae545f54eeb0508d5e35e9524dc9316bee0156	43a2b33dd43189bc393459ce87985b185952575a665f7f13792b697fff81183f	MODIFIED_SINCE_29DB4D1	REVIEWED_INCREMENTAL	-
frontend/e2e/pilotage-responsive.spec.ts	49fbd767305055d1117458ab952d33e58a173996	ecf06d4ce5f4848e9fa0e8f4b1018fc5aebdf7e748e50f918830332fe8681166	MODIFIED_SINCE_29DB4D1	REVIEWED_BACKLOG_P2	BACKLOG_NONBLOCKING
frontend/e2e/pilotage.spec.ts	83ff1a04a7c54eda3e853a686401ba06eb0d6f48	db8a51335b2b54f102638d0538f5cde0673bfd580a75bbc52a4ed727298672a5	INHERITED_29DB4D1_HASH_IDENTICAL	REVIEWED	-
frontend/e2e/security-contracts.spec.ts	95f6ece73df21613afa065be3bbacfe9990ca406	377761cd84bca6c2726eb237fdaea2851f46ea135b48654cd36d4a6f99a7b31b	TERMINAL_DELTA_1A14581_REREVIEWED	FIXED	RC5-AUD-01{state=FIXED;commits=8181b7835d8fd38b01913ed0accc9e1b85a20276;red=docs/rc5-final-incremental-audit.md#rc5-aud-01;green=docs/rc5-final-incremental-audit.md#rc5-aud-01;permanent_tests=backend/src/config/__tests__/production.test.ts+backend/src/middlewares/__tests__/csrfProtection.test.ts+scripts/test-preflight.sh+frontend/e2e/security-contracts.spec.ts;residual_local_risk=NONE}
frontend/e2e/select-field-geometry.spec.ts	971ac8d8b28468c4b2db3ab8853ba552f957e24f	d5f0d6718ebd87293bfec8b88eb82c82d9d7df469398f55a1dd7880771626faa	INHERITED_29DB4D1_HASH_IDENTICAL	REVIEWED	-
frontend/e2e/support-feedback.spec.ts	fe9acf1d09e14636e0c9891f51ae8f0a60bcb76e	afc3c4dad723f6fd68504a51196ced71cc1f95d91bd21c1c8259d86f780fc84b	INHERITED_29DB4D1_HASH_IDENTICAL	REVIEWED	-
frontend/e2e/support-mobile-viewport.spec.ts	5353bef4890a16ce77e8bbb63d4a55fe90ae4087	c688c948a24bf3d6432cfca85043adf3969e27af001f6798dd017ac28b384a7b	INHERITED_29DB4D1_HASH_IDENTICAL	REVIEWED	-
frontend/e2e/workshop-arbitration-mobile.spec.ts	ed643fce234d3d45f4dc5b4f751b663a9341faa1	dbbbf2ebd32fdbe8ecf4e7dfdcb40cb8f0b37cf5333ee0bf12cc4a8d3c01c8da	INHERITED_29DB4D1_HASH_IDENTICAL	REVIEWED	-
frontend/e2e/workshop-cancel-withdrawal.spec.ts	c2a93bf8646a9129bc4beb397b00e5f6da7b7244	cc0e33bcf1ed86a0c974ba4d2ac1317e7cbc11938c8a8e02220fa4ce64abfcb2	INHERITED_29DB4D1_HASH_IDENTICAL	REVIEWED	-
frontend/e2e/workshop-mutation-feedback.spec.ts	995d44ef78e937b06d002244903155a58a6a185b	ff3d037a2a223c18aceef4f61efcbb6ce6b57834f7a2c8664c35e36e05b17ef3	INHERITED_29DB4D1_HASH_IDENTICAL	REVIEWED	-
frontend/e2e/workshop-zoom.spec.ts	0a24c17b41e2c5a7f94ee63de97f10d5859a3bee	878f464def5a83b3fc51a524495d71eee83bd819a096c0733072d5b9c3208e97	INHERITED_29DB4D1_HASH_IDENTICAL	REVIEWED	-
frontend/eslint.config.js	be529dbab64c4d92bfc4b8096574ce2c3415478f	d82aaad919f8277ee241f89e54a753975cb9bd85a600086679510ef1cdc2e3ba	INHERITED_29DB4D1_HASH_IDENTICAL	REVIEWED	-
frontend/index.html	5cc19ffe62e07ca453900c05edf40d5169fa5987	990ce8a215b81d6e365dc731fb734728b47903cf49abca413f7b1592308fa3df	INHERITED_29DB4D1_HASH_IDENTICAL	REVIEWED	-
frontend/nginx-main.conf	73552ca345c468581ccc08991525cc35924767da	9e8511443b67edb2d7ef5c84e0dfd5a8feb78814c7eb79c597b6b34fd914b5d1	INHERITED_29DB4D1_HASH_IDENTICAL	REVIEWED	-
frontend/nginx.conf	1aad2910a413cd46dcc372b18385ba348ac4dfb5	e015d6eee16f2e3805d5bfe536df369852475525eab301736c913bddcdc2edf6	INHERITED_29DB4D1_HASH_IDENTICAL	REVIEWED	-
frontend/package-lock.json	4c8359a4517427e5cf04abbaf40ce6ffc4274a13	d63703ba6849bff0d9a641a7b523b3cb16ca2e45d578db07fb21a65c74c70b79	MODIFIED_SINCE_29DB4D1	REVIEWED_INCREMENTAL	-
frontend/package.json	da578992472c14d75fef218045f25b2b0bc066b7	2b3e7373bd09177e0e471bb3263b12fb2f8e38350427035510ad58127f6c7790	MODIFIED_SINCE_29DB4D1	REVIEWED_INCREMENTAL	-
frontend/playwright.config.ts	291b74b3e1d971bc78cfa6a9410565fb70bbe82f	6b105c91f758be5c257701f075b21fc839729cf824a0a8d0e642a9c7d25637a5	MODIFIED_SINCE_29DB4D1	REVIEWED_INCREMENTAL	-
frontend/public/favicon.svg	4c0b327a8a93fcec47d3b81a8bc999dd27f533e7	d6e202f252e1efd72474369258aebead0abdbb513a25c48e4bc261174fc2433d	INHERITED_29DB4D1_HASH_IDENTICAL	REVIEWED	-
frontend/public/robots.txt	1f53798bb4fe33c86020be7f10c44f29486fd190	331ea9090db0c9f6f597bd9840fd5b171830f6e0b3ba1cb24dfa91f0c95aedc1	INHERITED_29DB4D1_HASH_IDENTICAL	REVIEWED	-
frontend/src/App.tsx	2fef5862b19b564095e8761fc79f263dc1029aee	323f642b545ea061496c3fa85f67ac5f59869c9bfebe80732ed28c38d5b427c9	INHERITED_29DB4D1_HASH_IDENTICAL	REVIEWED	-
frontend/src/api/__tests__/client.test.ts	c3df2411e93b22e5054b6ca62770b713b0512872	646185d34494e6a728d89b5b2db1afb6512a9ddf457fa193f987dd6428254263	INHERITED_29DB4D1_HASH_IDENTICAL	REVIEWED	-
frontend/src/api/__tests__/errorMessages.test.ts	188112d4475315f3d0426f4831fcc80a9e993080	af16e1e69778c88f48d7f347af79ae4b3d1f0b7befb1f53fcfa856bb25377953	INHERITED_29DB4D1_HASH_IDENTICAL	REVIEWED	-
frontend/src/api/accounts.ts	fa68f86a96d1f86ce5748b2cb164754c08b8c8da	b56455cd777b27bc11fd883597db928d1e87706e4f489bfd875043a6fb31e5c0	INHERITED_29DB4D1_HASH_IDENTICAL	REVIEWED	-
frontend/src/api/admin.ts	48e0bd0bd694251b6a8aa5a0fdaed69ef6671f95	d99fbe43f0fd839570f988ca1200f12ab542d9b17575316fd71d703a60f29329	INHERITED_29DB4D1_HASH_IDENTICAL	REVIEWED	-
frontend/src/api/adminSecurity.ts	593acaf002f740619464a7497e29f7ffc4ff78dc	cb70ddce2ffadd63339fa56b07edd299a027f47397603feffefc04a4e918e537	INHERITED_29DB4D1_HASH_IDENTICAL	REVIEWED	-
frontend/src/api/adminSettings.ts	472ade9b0bde80a5a9f0b129efbd2dd28ead9b10	1eb61c67e57fe963ef40252139958a20f03f6d0bff676a5d7c285087e72d430b	INHERITED_29DB4D1_HASH_IDENTICAL	REVIEWED	-
frontend/src/api/board.ts	2a58d74b97fc3c3c742d26674fd988c991d82f8b	130efaa29dfe646d38651d464f0697a87cdcfbf293f922f07e2967c0aec288f8	INHERITED_29DB4D1_HASH_IDENTICAL	REVIEWED	-
frontend/src/api/client.ts	f7f2ff101e4bf54500886549bb3e8ab561ce32fe	47052dbccf560cac32acf480b6036b03e8658127f8624a6fd523241aed87bd27	INHERITED_29DB4D1_HASH_IDENTICAL	REVIEWED	-
frontend/src/api/errorMessages.ts	69cece42c438e37d189b00dea43f5aaf3241ea4a	0e6bf7843e489ad31aa973a650bfead04216672071fb26eba0a2a897e7fc8e21	INHERITED_29DB4D1_HASH_IDENTICAL	REVIEWED	-
frontend/src/api/lines.ts	063c730433f56f4a53b79af2c111f0c3a3a20a19	8258dc89f77dd59045b6359738a611f25671643d9906ec0b7074b105de96cf97	INHERITED_29DB4D1_HASH_IDENTICAL	REVIEWED	-
frontend/src/api/support.ts	6ce24e6e2c0902a9f8fd4a9e70759d178343f96b	d311a0cf6245a81ec985cfe2ce570b2198de2f46827bc914593232776dc64be3	INHERITED_29DB4D1_HASH_IDENTICAL	REVIEWED	-
frontend/src/api/unifiedAuth.ts	4af5ebbae301b61ec625ebfa6c1b6a278a5f3b71	3d1e7b31220ea8fd512b4012c9f7adeb96a8606b157d5b4a9be59d5114ef5482	INHERITED_29DB4D1_HASH_IDENTICAL	REVIEWED	-
frontend/src/api/workshop.ts	a29ce0e13be2cbf4826e1c7e20bea0f9f716ba92	737f7667134c4ebfc6e0587271f705e37ad1cc802bad74a4b0e0150bd5e55a32	INHERITED_29DB4D1_HASH_IDENTICAL	REVIEWED	-
frontend/src/components/AdminPasswordConfirmModal.tsx	cad181b6def6bc88a4ef86de42973ff6461d75e2	92f3ad873a956916b53f931d0554e371470682497ec78bbf8c1bfa20efbfc1cc	TERMINAL_DELTA_1A14581_REREVIEWED	FIXED	RC5-AUD-04{state=FIXED;commits=2d192c0657ef25ae5d39107781a9d315d9e96ae0+35492c3ba9f822b05e0ba1ed82b5062116912d38;red=docs/rc5-final-incremental-audit.md#rc5-aud-04;green=docs/rc5-final-incremental-audit.md#rc5-aud-04;permanent_tests=frontend/src/components/__tests__/AdminPasswordConfirmModal.test.tsx+frontend/e2e/admin-board-session-revocation.spec.ts;residual_local_risk=NONE}
frontend/src/components/ArchiveLineConfirmModal.tsx	3affb80d949786684228f0852f853d611d24edda	708e158522b573951da04aff3cbd9a55bc6dade9c9b07ac003959d6947d81eb1	INHERITED_29DB4D1_HASH_IDENTICAL	REVIEWED	-
frontend/src/components/BoardToggleConfirmModal.tsx	5f09dc098e9e0a3c49008ec0a88760892f7818a0	3374f528b35431a8252561f3f28a171f843efcff887065a41a9bbd8f755ce18e	INHERITED_29DB4D1_HASH_IDENTICAL	REVIEWED	-
frontend/src/components/CloseIncidentModal.tsx	c492f6ef652fe1b0c496557e72ce210a39e8231c	9be57fb64bd99b45f52db549c8270d215b8bac8cbf256f04d6794d1438730444	INHERITED_29DB4D1_HASH_IDENTICAL	REVIEWED	-
frontend/src/components/ConfirmModal.tsx	d99617f8733c03b83ba7edb13a7dcf22f0aa1e4c	11e1a5cca64457fa68f8d98fa67b39c2271ed97ef019cdafca5cc34514449773	INHERITED_29DB4D1_HASH_IDENTICAL	REVIEWED	-
frontend/src/components/CreateIncidentModal.tsx	2be433b5ac1b77c2fef99faae157aedd7788aeed	9ae21cd1a16f5d514ed60bc29e646eca7955d10b2d03457602d9df9444aa034b	INHERITED_29DB4D1_HASH_IDENTICAL	REVIEWED	-
frontend/src/components/CreateLineModal.tsx	175e41152bc148f2d145401b9d7f172cbe071652	626b0619329b2e7e0024cf37d6ddc4c3743637101618e2e3929356cd18611843	INHERITED_29DB4D1_HASH_IDENTICAL	REVIEWED	-
frontend/src/components/CreateUserModal.tsx	98664404beeee3bc566b8489b3bc4efe7f205111	4c0a5eff7faad7a798b0649ffeb46333fad0bc64711aaad4d8206fa3d9d6ab55	INHERITED_29DB4D1_HASH_IDENTICAL	REVIEWED	-
frontend/src/components/DashboardFilters.tsx	975c56d2623895bd3210347a1ab828aa9fb6dc00	706ec187adc7d287e22c7a56554fc3e10a223279c6eef73ed9999b3f15db649a	INHERITED_29DB4D1_HASH_IDENTICAL	REVIEWED	-
frontend/src/components/DeleteConfirmModal.tsx	b7038863e01b51854b9257ad82884f7c4c7586c5	14f4d9c53d6a0bf7887ce031031e98b9e6c5afe7525ca59f6699a71369f37042	INHERITED_29DB4D1_HASH_IDENTICAL	REVIEWED	-
frontend/src/components/DeleteRequestModal.tsx	72d97565b8f41a87c3bcedefe9d74a77ed723490	828519ce8a3aa5468de93b26df95f2fa1cf5f1cfa79f2f7e30f26c086e82df2c	INHERITED_29DB4D1_HASH_IDENTICAL	REVIEWED	-
frontend/src/components/DeleteResponsibleCommentConfirmModal.tsx	30be967a408c21a7b2f88a41ab94cf6489cb9962	d7bc18b80e5ae32f54dc8e243570180d3474bca0e8faf49e4cc40d01f53e3edd	INHERITED_29DB4D1_HASH_IDENTICAL	REVIEWED	-
frontend/src/components/EditLineModal.tsx	f0c4ee8fa0a974acc5aeb7808a71fb3bb2c6ab4b	e3e3acd47149a5ec875befefa59f1d85ab1c3886d94174d446622a8e6705c2cb	INHERITED_29DB4D1_HASH_IDENTICAL	REVIEWED	-
frontend/src/components/EditLineSummaryModal.tsx	b8ec11fa3829817d7cdb77d9e456d6ae62f8594f	4420af1f0dd722f69038b8cb66dcf8e5778f813b2da43ed0837bfd375ec2aeee	INHERITED_29DB4D1_HASH_IDENTICAL	REVIEWED	-
frontend/src/components/EditMachineModal.tsx	57e48b94f37bf190f95212656a9494aff1fb9d5b	b8f95755c781ac6e35758311c73e2a4192e1ae8408bdb8f12edd03871a7f9816	INHERITED_29DB4D1_HASH_IDENTICAL	REVIEWED	-
frontend/src/components/EditSummaryModal.tsx	6cbd660399b0ab9c48f1514037a2231b1c6feeab	23f5beb3c41bfe8b0578e92f40fb9bfd910b1e5b87380c452de8903a2063f98c	INHERITED_29DB4D1_HASH_IDENTICAL	REVIEWED	-
frontend/src/components/EditUserModal.tsx	ec03261244c1289dc9fe2d3a6618c22f134e4df5	8c900796e2ff26af7f2ff4093ea69564d6d6a04822c753c300d912fae34c2207	INHERITED_29DB4D1_HASH_IDENTICAL	REVIEWED	-
frontend/src/components/ErrorBoundary.tsx	771baf6316dd48b3bf8bc7b3aa71f6fba004eba3	bf9597b155a7b82fa69f9a663a6f78d810505e412ba5f3147968026c26d77a12	INHERITED_29DB4D1_HASH_IDENTICAL	REVIEWED	-
frontend/src/components/FilterSummary.tsx	83b66702ba2f1a0072abe9bf8ab332e728469966	8e7f28c08d80357547a3ffaee10b093113d7e83fac78a51fa1bbdbe8c8e7bb26	INHERITED_29DB4D1_HASH_IDENTICAL	REVIEWED	-
frontend/src/components/IncidentBadges.tsx	ca158f7b40cdac3ba42bb0cd795e987658da4d20	5e628ad317a448df761bc66d4fa5a09777077408bced059f2a1eb38e3b3165f7	INHERITED_29DB4D1_HASH_IDENTICAL	REVIEWED	-
frontend/src/components/IncidentCard.tsx	c48cb3a776bced2116df701ab8f9dae69c40e02e	54b6b76aa7c91f70a42931ab80106ca0d02801b821c577f220b7fa21889b0137	INHERITED_29DB4D1_HASH_IDENTICAL	REVIEWED	-
frontend/src/components/IncidentDetailPanel.tsx	7e9fb2343197fb89a81b5c39fd0fb470678ad0f9	31bad0e7e3812686c8b240645d93d9ffcc7139d7a8b047256e28a28b18d9e2df	INHERITED_29DB4D1_HASH_IDENTICAL	REVIEWED	-
frontend/src/components/IncidentDossier.tsx	17fe3440f00a0a024cef918cc5f8da594aa1f10b	1c9d4117ba7e7d5e0908f53fae673302c4011afa628a50d814ce60173182dc2f	INHERITED_29DB4D1_HASH_IDENTICAL	REVIEWED	-
frontend/src/components/IncidentMetricsBar.tsx	369f8dcc36242ce4425da8ef1bedc1575b96cae9	2974aae39bf75a8ba5aef07e279cba927fcffb47365066d04702b1554c7201e4	INHERITED_29DB4D1_HASH_IDENTICAL	REVIEWED	-
frontend/src/components/InvalidateIncidentModal.tsx	a7d92442ed5d306f784fd3f59ec4945aa853e1fb	6989494e8c638ee2000693d8e54e528962f7c101cf39ec9c998dd0d96f68e0f3	INHERITED_29DB4D1_HASH_IDENTICAL	REVIEWED	-
frontend/src/components/LineDetailView.tsx	c6092c089daeca2fe906b23273b4e27ce1f44159	7a202b581cb0e856150f824fdedeb546070be037bad56a35fa7bc95f4835251f	INHERITED_29DB4D1_HASH_IDENTICAL	REVIEWED	-
frontend/src/components/LineForm.tsx	fa663aa02df1ef5fa69f9833a073b2d575a7cde2	0f2237958a96eedf7153d54cae54b31830a03118a19936e14c6320750b378f66	INHERITED_29DB4D1_HASH_IDENTICAL	REVIEWED	-
frontend/src/components/LinePlanModal.tsx	1fa4a2d2bba95582b2acd0a4855d236a5a500cbe	2095e5e7b664b5f09cb0524c0d141ab3bc42c6071271d7faec23f74296b87c5a	INHERITED_29DB4D1_HASH_IDENTICAL	REVIEWED	-
frontend/src/components/MaintenanceDeleteConfirmModal.tsx	e401fddc7ae45693c2c98d77ebbcf3255c27464f	a1d734fc9b3b8c090c7bdba00bf492e7fc3aa86bb7c42c297405540474372c44	INHERITED_29DB4D1_HASH_IDENTICAL	REVIEWED	-
frontend/src/components/Modal.tsx	51b44e46dd46841d8d866f182784319fe9d573fa	f8938d5762ae67191c1299468c292208e685ece0610f1021e415ec43b6feea25	INHERITED_29DB4D1_HASH_IDENTICAL	REVIEWED	-
frontend/src/components/NavBar.tsx	1cad86b7c128322c23730ccb951c85e27ce8f769	8fbde6cab111ec7485892c59c25e78f5743efa9c872cf580dab2614cb5cb7d84	MODIFIED_SINCE_29DB4D1	REVIEWED_INCREMENTAL	-
frontend/src/components/PendingConfirmModal.tsx	1539db7cbf4819505d56da0da783af76f247899f	d402f30b54862f9b52b3f8b576cf8b64897471b45f498d37e24e35ecc3c99f32	INHERITED_29DB4D1_HASH_IDENTICAL	REVIEWED	-
frontend/src/components/PendingTasksWidget.tsx	c80af45842edcdee95ae832456c4424a83e81e62	eceb704f4762d84b518eacc78b9c1aac9865a8ce8341c6ca3ede7fe9fe17989e	INHERITED_29DB4D1_HASH_IDENTICAL	REVIEWED	-
frontend/src/components/ResetPasswordConfirmModal.tsx	35fe371701f10da8796ceb9f13a5d133849a5d9d	cf645e4412c4fda3feed581aa1cab52af6ff6546509517e3ab546759c4f585f3	INHERITED_29DB4D1_HASH_IDENTICAL	REVIEWED	-
frontend/src/components/ResponsiveNavBar.tsx	000327a3c5b0d4a30f4d2ea813e244ba12d4f0cf	0a63f17339980dbe595b19966246acb08b2970dfed9988a8eeb33aa001714cd0	MODIFIED_SINCE_29DB4D1	REVIEWED_INCREMENTAL	-
frontend/src/components/ResumeIncidentConfirmModal.tsx	88fec6dedca0a45d2baf008340198e27c4255a1c	5d24a160215142533e235b471da9664df751013cd7d49ea8e6c6db2ab45d5020	INHERITED_29DB4D1_HASH_IDENTICAL	REVIEWED	-
frontend/src/components/ReviewIncidentRequestModal.tsx	5b6c518f51aa15bea38def340d0b8264a3dac0a0	984935c914677f10d1b2564af80e94f8192f8318267d09c0820404c3a6a96203	INHERITED_29DB4D1_HASH_IDENTICAL	REVIEWED	-
frontend/src/components/RevokeSessionsConfirmModal.tsx	be03832858a8978676daa02b39214b00772cfdeb	6df507cd253150a0e520f505956fedaa5fb2f1a0cdc48b01db5631840c8cbdfa	INHERITED_29DB4D1_HASH_IDENTICAL	REVIEWED	-
frontend/src/components/RobotFieldsGroup.tsx	3c86935b514b6a4683d365d78d89e5aff93f91a1	b43ae72c8490e4d20f874d80af2cc7edcc428c038f5f7fb76cd44df8da806193	INHERITED_29DB4D1_HASH_IDENTICAL	REVIEWED	-
frontend/src/components/SupportChat.tsx	38ae9f57e26109a26516c0cac4bd9d0de9ae2a67	e493ac3af4ab558f6a93f74ff66fbfd102b5989da5c301b565563849adcbc22a	INHERITED_29DB4D1_HASH_IDENTICAL	REVIEWED	-
frontend/src/components/TakeChargeConfirmModal.tsx	b36080abc04560d103d08b4577268773d5aa1878	8627da29d7f008d18551f584f904d6abd439d8f4272e64c97a4ff41b164956a8	INHERITED_29DB4D1_HASH_IDENTICAL	REVIEWED	-
frontend/src/components/TextConfirmModal.tsx	4a3f122836f8b0bd7df06fba5d79290e2df89d35	4ef48bfd28f559b09981be4af6bf08b9e55dc8a837688b12ae833f223e545ef8	INHERITED_29DB4D1_HASH_IDENTICAL	REVIEWED	-
frontend/src/components/UnfollowIncidentConfirmModal.tsx	603661dad5ecb12734ee0443bdeac67920e2b4d6	5f9986b0e673bc57e0e622d0213c8e03dada86250c85abf36437acc57470a3a4	INHERITED_29DB4D1_HASH_IDENTICAL	REVIEWED	-
frontend/src/components/UserForm.tsx	53c9a7485d5f6ec59a04e909e68ba35266fd97f7	aff3c7fbb3a660f15ba560ff29a886d451eb26753aafff23078a96cfdb311e98	MODIFIED_SINCE_29DB4D1	REVIEWED_INCREMENTAL	-
frontend/src/components/WorkshopFilterCard.tsx	90859e0b0b42eb1b814b444bf37290e334aa80a0	e4f1af8b8a72bbd59c6f277de0ec3f740405c03be6206f51837596e13ac648e6	INHERITED_29DB4D1_HASH_IDENTICAL	REVIEWED	-
frontend/src/components/WorkshopNavBar.tsx	c14b6d2c3eddc925fbe30b14ffc900932e028978	43696a7335e046203755b7af90af0c53b31a12b14ed8d116fcc26291bc307c66	MODIFIED_SINCE_29DB4D1	REVIEWED_INCREMENTAL	-
frontend/src/components/__tests__/AdminPasswordConfirmModal.test.tsx	290715204648b1fe3e08f0b4e5b2a7c79e9ea0d8	473e6866e7d603f2595fe87bacf06b75b4631935cda880060e4c98a19b82e2b1	TERMINAL_DELTA_1A14581_REREVIEWED	FIXED	RC5-AUD-04{state=FIXED;commits=2d192c0657ef25ae5d39107781a9d315d9e96ae0+35492c3ba9f822b05e0ba1ed82b5062116912d38;red=docs/rc5-final-incremental-audit.md#rc5-aud-04;green=docs/rc5-final-incremental-audit.md#rc5-aud-04;permanent_tests=frontend/src/components/__tests__/AdminPasswordConfirmModal.test.tsx+frontend/e2e/admin-board-session-revocation.spec.ts;residual_local_risk=NONE}
frontend/src/components/__tests__/BoardIncidentGrid.test.tsx	d44a01fbbf52f7d558484cee3252d20226be4d2f	8ad7d23564d71af3cce157e5aa929908434b014b9944cfde7aee0d5961023359	INHERITED_29DB4D1_HASH_IDENTICAL	REVIEWED	-
frontend/src/components/__tests__/ConfirmModal.test.tsx	c91d305f80bc328037e932692c5e28ad2545c81b	5f3b7eef4008eb440e44baf804616cb8420abf376ee54d7caa1943a610f5ce92	INHERITED_29DB4D1_HASH_IDENTICAL	REVIEWED	-
frontend/src/components/__tests__/CreateIncidentModal.test.tsx	9ac07c9b1fd6191b4ea51446dcd2745126d748a6	d305870d7a7e717c10392ae81803ab798a3f91b16c87ad594b3ef91da5223b6d	INHERITED_29DB4D1_HASH_IDENTICAL	REVIEWED	-
frontend/src/components/__tests__/CreateUserModal.test.tsx	27e23a8599ecc9aae728a221731077eb5ffc3e51	5a36b0cdf681d1b53b1c60e95d9c09fc37ed503dad2929c112e2173338b44655	INHERITED_29DB4D1_HASH_IDENTICAL	REVIEWED	-
frontend/src/components/__tests__/DashboardFilters.test.tsx	840cbe60690337abb0610b66ea9f119cab2408c9	29f830a11fcdb989ebca9f375532bcde119804572556965d772ecb94ee66a708	INHERITED_29DB4D1_HASH_IDENTICAL	REVIEWED	-
frontend/src/components/__tests__/DeleteConfirmModal.test.tsx	713ff1cba5ad482d04036de69699f0e8e2573a10	6e786ba3fc59dd9574add4689fac9789e2946ffd5383aa977b88db5e42f47a96	INHERITED_29DB4D1_HASH_IDENTICAL	REVIEWED	-
frontend/src/components/__tests__/EditMachineModal.test.tsx	6d7d00802c02300d1e41f9f0b2e4e0a6daa68b13	89d72eb7c98ec18e151eaa5dc60e39a37ea2145a6d8e8177eb1b1e6580fdf730	INHERITED_29DB4D1_HASH_IDENTICAL	REVIEWED	-
frontend/src/components/__tests__/ErrorBoundary.test.tsx	979a92a37f1a975aa87d9237bd53338172756d0e	7710ea0805bb13942b7939cae80ba21d19641cab6bec36499ae88d17015ba7f4	INHERITED_29DB4D1_HASH_IDENTICAL	REVIEWED	-
frontend/src/components/__tests__/IncidentCard.test.tsx	65f6c5048eeb5d55387f48b49361dd521b40a347	6c2f6cbd5cfab9c77f7a1c9f9bfedbc61544fef38a69b202093f3838a74964e4	INHERITED_29DB4D1_HASH_IDENTICAL	REVIEWED	-
frontend/src/components/__tests__/IncidentDetailPanel.test.tsx	8e157c44f0ac075defec60564c70db2b22df1641	4096b605d11d7637236a6b2eb477241234978af5f786d17f807d111fb759ecdc	INHERITED_29DB4D1_HASH_IDENTICAL	REVIEWED	-
frontend/src/components/__tests__/IncidentMetricsBar.test.tsx	4096c35d3de199db5115b9936b7141f5d3370b94	7f0e63201f47d89cb3b3b6f163db21943f3e008ff42bf05a8da29332b8b20e6b	INHERITED_29DB4D1_HASH_IDENTICAL	REVIEWED	-
frontend/src/components/__tests__/Modal.test.tsx	c528bdddf917b0150645253a1039591646509265	2d3de44f3e6582e471dac2936ef0409bdb5859104a8345464ef3aa66442d216e	INHERITED_29DB4D1_HASH_IDENTICAL	REVIEWED	-
frontend/src/components/__tests__/RemainingMutationArchitecture.test.ts	d567864ae27a108673227a8e87bb1f6d3618479b	52950e9a40e69268dd49d7157f4e42c3887d6c6158624946f62eea4f59cf8937	INHERITED_29DB4D1_HASH_IDENTICAL	REVIEWED	-
frontend/src/components/__tests__/ResponsiveNavBar.test.tsx	aad2360e9a38f13456b53d260ad956b56984ac19	66a7bc9e03500a1b7dfb613d3866c40b0a69c833d2024f34d9fc5f9de19719dd	MODIFIED_SINCE_29DB4D1	REVIEWED_INCREMENTAL	-
frontend/src/components/__tests__/ReviewIncidentRequestModal.test.tsx	011db439f8cedd9bff3d1fdc071ed481e0a74d07	76bb03cf7c2be9167097562eee4b43d393dda4801c5299c2a9a52f6cf596100b	INHERITED_29DB4D1_HASH_IDENTICAL	REVIEWED	-
frontend/src/components/__tests__/SupportChat.test.tsx	4f665bbbe4e4a987134f9f514feb87457ced642b	acef84f40d1ca17fb7440e12efa87bb1f2bc9d61463afc89f794315cba8d4466	INHERITED_29DB4D1_HASH_IDENTICAL	REVIEWED	-
frontend/src/components/__tests__/UserForm.test.tsx	731a232bce00b25bdc1483c4f0ddfbb262d4e279	a83491f3598fe7ba83767486c158a41fac019ac107b001ee904e6180b5fe2867	MODIFIED_SINCE_29DB4D1	REVIEWED_INCREMENTAL	-
frontend/src/components/__tests__/WorkshopMutationArchitecture.test.ts	5d8d3a0eb9264ce183ee5518bf3a2c8b1ec3867d	dc55ac1b79ce05406f121dca036762a88d13c7425a06fdde0fe5dee6373f2bb4	INHERITED_29DB4D1_HASH_IDENTICAL	REVIEWED	-
frontend/src/components/__tests__/WorkshopTextMutationContract.test.tsx	4788c6263fdd284a74674bbf024569a068ddeb0c	e500da15098321d222cc3f3a3201f5616957f286d145772560f9b6cfa334dd0c	INHERITED_29DB4D1_HASH_IDENTICAL	REVIEWED	-
frontend/src/components/board/BoardIncidentGrid.tsx	dae4194255d128cbff71cc40b661c957d209f87f	7ed3c931c6842d8b8e2ea0b9b7fc84a0f8af6148b61eefc9c51a2fd4883669a1	INHERITED_29DB4D1_HASH_IDENTICAL	REVIEWED	-
frontend/src/components/board/BoardLineGrid.tsx	a163ee4761b85999eecd70302c68260f26b3df09	45c4687ef4d0e778ae1d2c6fe79b5f58bdad326b2627660804a195481ea74848	INHERITED_29DB4D1_HASH_IDENTICAL	REVIEWED	-
frontend/src/components/icons/ChevronDownIcon.tsx	75440cd375502dcd808fa8e76400ef5e5917156d	56fc9b98b5b026b1bb6ee3886e6fb0ffc50783d347763cd8a1b796fb64aed533	INHERITED_29DB4D1_HASH_IDENTICAL	REVIEWED	-
frontend/src/components/icons/ChevronUpIcon.tsx	c7eaf396beac09f95500c5c8c4b6c70d61bcbe08	c12757ced5e0e29190ae256c3b780038be83d230d58554ec35fa65543c108105	INHERITED_29DB4D1_HASH_IDENTICAL	REVIEWED	-
frontend/src/components/icons/CloseIcon.tsx	100583b39287b9cda0715921a408c85815920108	f01f4e27be21614f88cfb443cc6dd840d16c77ed89212147228cc2a4783388d8	INHERITED_29DB4D1_HASH_IDENTICAL	REVIEWED	-
frontend/src/components/icons/StarIcon.tsx	45e3d0a8f299cf25e5492968bea193f5316e21c6	f5acc9c7a94eb23e9380c9ac79dc35824b431f20a471e485f63389560ffbdff3	INHERITED_29DB4D1_HASH_IDENTICAL	REVIEWED	-
frontend/src/components/pilotage/LineHeatmap.tsx	c8d22041d9b006650e148c2900c17d76b291a326	2e83d3ab210abea99f70214472750e04c8c815f365b850ad8f7960268b7b03fc	INHERITED_29DB4D1_HASH_IDENTICAL	REVIEWED	-
frontend/src/components/pilotage/PilotageCharts.tsx	0079af0c0cb9edaf93901ede9d505583a7f078d1	7f03bd4acc0961ad8545e151a9cff7534185767ac5b5d6ed6c917433e8bf06ff	INHERITED_29DB4D1_HASH_IDENTICAL	REVIEWED	-
frontend/src/components/pilotage/__tests__/LineHeatmap.test.tsx	c91c8dd8bc0a0d6abe149d96f493a6cd3735001e	de7975ab5cdf03cb5ac27f69e775a69a3f647469cafb9f15546e40a8f367d815	INHERITED_29DB4D1_HASH_IDENTICAL	REVIEWED	-
frontend/src/components/pilotage/__tests__/PilotageCharts.a11y.test.tsx	f583eabb42f217bcb76e6e4d468493b8cc239c26	2d37d2038d33b707dcbca921988ea3863343388c80c93ee3becedba6f48e53eb	INHERITED_29DB4D1_HASH_IDENTICAL	REVIEWED	-
frontend/src/components/pilotage/__tests__/PilotageCharts.responsive.test.tsx	edb225a596b77f08dc0fb2cd6ebb196aa8584844	824415bd21582c4e3289180002874d82560931a7dbe3c4240494a38c88e0a508	INHERITED_29DB4D1_HASH_IDENTICAL	REVIEWED	-
frontend/src/components/ui/AttentionBadge.tsx	100ee5a6425ccba970a33df1625b4a9e4c0b2647	f0fed26f8b45c525e060d53d0a533a7661fdf71972611cc1531c0dbca26c8061	INHERITED_29DB4D1_HASH_IDENTICAL	REVIEWED	-
frontend/src/components/ui/CharCounter.tsx	f799894a96ce85dfe1389993e29f70a264ab8a23	825c0225fc719e987255d4944ea31f1fc6e6ea240f39f439cff1900a23d1764f	INHERITED_29DB4D1_HASH_IDENTICAL	REVIEWED	-
frontend/src/components/ui/DetailField.tsx	c60422ea14075a2a8b10053d486da080b326ea67	6fe64d01a5fd069ceba33614c98e36b6129b65bda46c04361da7d4445af97d9d	INHERITED_29DB4D1_HASH_IDENTICAL	REVIEWED	-
frontend/src/components/ui/EmptyState.tsx	45108eb3e2ebdda80197938cd904f5e644d39cd5	71174fe7d6735496b2a1ea15210f463a1c0910a649ebfc059eb67826056de21e	INHERITED_29DB4D1_HASH_IDENTICAL	REVIEWED	-
frontend/src/components/ui/ErrorBanner.tsx	40660eba295e006c558cfd0b1982160117d97485	7dc39afada33a4dbda7cf07864d980f8d7c567d57fa1476e22c01e142236581e	INHERITED_29DB4D1_HASH_IDENTICAL	REVIEWED	-
frontend/src/components/ui/FullPageLoader.tsx	72806f2a092d76c3ec7a040811347e58bdfff68d	0eb5116e2f7457b9a9a9da553cf5cf173b2c201d2c0ee0bcd90f28a82a623d86	INHERITED_29DB4D1_HASH_IDENTICAL	REVIEWED	-
frontend/src/components/ui/KpiCard.tsx	667fa85529ab8b5552e92c83ae3a96dd8d4f29fd	df302b28c96a8e111201429def4779c9d176a88f9a30845f8cdd535dc7994e3d	INHERITED_29DB4D1_HASH_IDENTICAL	REVIEWED	-
frontend/src/components/ui/MutationFeedback.tsx	390faa8d7c3840e49a70f8f9beb2f75f12669169	d962f2cf19c5265a5861bab8a6f3ae0a3251951bb13480bb7ebb6d2e6723d573	INHERITED_29DB4D1_HASH_IDENTICAL	REVIEWED	-
frontend/src/components/ui/SelectField.tsx	7ec6413539f64aec836bd90fe3ebbbcaf418867a	c6ed17e1103ea7646550ca05456a5722bfb553ff7732be73d34260c8697f0d84	INHERITED_29DB4D1_HASH_IDENTICAL	REVIEWED	-
frontend/src/components/ui/Skeleton.tsx	c22eee8fe6a0d982e5ed59f24f1a229f24d37813	4ae99f79105a14922ec432bb13daf9e3b5f393185ed8724218029e82f206015d	INHERITED_29DB4D1_HASH_IDENTICAL	REVIEWED	-
frontend/src/components/ui/Spinner.tsx	6c7eb07bbdb1d6d8ef83a3eeda483be8ea1ca077	53cd9b3dfc594ba053355e2e0291c983d420183f113a459d85397445ce76736d	INHERITED_29DB4D1_HASH_IDENTICAL	REVIEWED	-
frontend/src/components/ui/SuccessBanner.tsx	86a085222aea2f40ffaa403cb3427f8513427dc4	4b0f324bc1a54fe42b5fb37201d0df75fd71017de58213522ead65a17abdcb55	INHERITED_29DB4D1_HASH_IDENTICAL	REVIEWED	-
frontend/src/components/ui/__tests__/MutationFeedback.test.tsx	4ea945f970d6eae2067b498f73655afd6e5ed4e7	46952c83944eda7ad55e9f78d1f3b7bf6b111b1495b8ab0f3854b0d0934f3b2c	INHERITED_29DB4D1_HASH_IDENTICAL	REVIEWED	-
frontend/src/components/ui/__tests__/SelectField.test.tsx	0eb8fc50c2ed4023c116bb68da774728b1ca5062	dd0c60bef0b1e8754d9d5e3fd088262186e0a41c6c1a7ea8254031e21c894ff0	INHERITED_29DB4D1_HASH_IDENTICAL	REVIEWED	-
frontend/src/hooks/__tests__/useDebouncedValue.test.ts	9af23b97ff23297d4c3213d3079f7142c8db73da	1c5588c989316f7f968d2a6e8c0a2e923a4a8ed2bb523463798ec01d9abbb238	INHERITED_29DB4D1_HASH_IDENTICAL	REVIEWED	-
frontend/src/hooks/__tests__/useFollowedResolvedIncidents.test.ts	370d41a399b2626676a0dadbfc9d5dbfe16f7aa1	94117323d580451262e494c3a80bd23a20918bd7e108e20c00de474c5bed24ab	INHERITED_29DB4D1_HASH_IDENTICAL	REVIEWED	-
frontend/src/hooks/__tests__/useHistoryData.test.ts	b7cad691a6149b9519766dad78fd43c37b4e4701	fe253a7ceb548135055161f7694cdc248c794f7135083ed1c6d299d66d4cc7fe	INHERITED_29DB4D1_HASH_IDENTICAL	REVIEWED	-
frontend/src/hooks/__tests__/useIncidentActions.feedback.test.tsx	e1b41e15f88a5f9a64cdca446bc11d7b3c7b7d4f	b151cbda5d1b7c275210e227760ed5f19c109ef9ca8e1e48ea0cbd5cad41ef85	MODIFIED_SINCE_29DB4D1	REVIEWED_INCREMENTAL	-
frontend/src/hooks/__tests__/useIncidentsData.test.ts	c0461e39455c559a1184dde617607b339a8270b1	479dbe98b4ba1b3bc3be91e53b085770631c0aea938098ad8d06d5541652591f	INHERITED_29DB4D1_HASH_IDENTICAL	REVIEWED	-
frontend/src/hooks/__tests__/useJournalData.test.ts	5661e7402155774d263351611504d4f6ea9eb4a5	3dbfeaa92c911fe3911aad8a3409679094c1416bc569b45736a7a11f02200658	TERMINAL_DELTA_1A14581_REREVIEWED	FIXED	RC5-AUD-02{state=FIXED;commits=0b46903823a68d9e4a91a0bfcdb7999ebae249b9+11443efa7e4eb5d198b2e73d090624e017504c11;red=docs/rc5-final-incremental-audit.md#rc5-aud-02;green=docs/rc5-final-incremental-audit.md#rc5-aud-02;permanent_tests=frontend/src/hooks/__tests__/useJournalData.test.ts+frontend/e2e/journal-filter-alignment.spec.ts;residual_local_risk=NONE}|RC5-AUD-03{state=FIXED;commits=dbacf3c29f0bb726419ea7ad4cc545ad39c07642+8aa53a373bab039bb845a957dfce9355537df29a;red=docs/rc5-final-incremental-audit.md#rc5-aud-03;green=docs/rc5-final-incremental-audit.md#rc5-aud-03;permanent_tests=frontend/src/hooks/__tests__/useJournalData.test.ts+frontend/src/utils/__tests__/workshopAnalytics.test.ts+frontend/e2e/journal-filter-alignment.spec.ts;residual_local_risk=NONE}
frontend/src/hooks/__tests__/useKnowledgeData.test.ts	04fc8e177e3abe3f700bb69d9d14f4fc0f7589af	51d21ea067752ceccca05bd2e07ff2635ee762eabf37cea6579560019701c616	INHERITED_29DB4D1_HASH_IDENTICAL	REVIEWED	-
frontend/src/hooks/__tests__/usePilotageData.test.ts	2d95cbc72eda39ff90f0da8d2619b0417ea1dd89	374857e6932ce74426fdc5a3e0cd5c82f068adb356b0e9aa76752a3f8b7265a5	INHERITED_29DB4D1_HASH_IDENTICAL	REVIEWED	-
frontend/src/hooks/useDashboardFilters.ts	2fcb48a6104d8b52da1d3d85f100438dbfe95b4b	aaaab02da8926dd52becc18d6bda52a14e4311a78cfb5c628b984eb29405dd18	INHERITED_29DB4D1_HASH_IDENTICAL	REVIEWED	-
frontend/src/hooks/useDebouncedValue.ts	206b4ebc10239e650b3c74cd1a1b72dbabff8907	0fef0ccd6a46030fb3f1d86f51add4ed1d537a41b00694313200e8bfd4a504f8	INHERITED_29DB4D1_HASH_IDENTICAL	REVIEWED	-
frontend/src/hooks/useFollowedResolvedIncidents.ts	47f4f7f32941170fb4c39ec43546774a3e67b4b0	ff3fc5e26c80a2dfde46c9e5b9f9c577723ea3121d42d712f79beddce9580d60	INHERITED_29DB4D1_HASH_IDENTICAL	REVIEWED	-
frontend/src/hooks/useHistoryData.ts	37eb3b4d18e131bffdf63cd4b4af32e24dd31ebc	731a6d0b4200035a373e8d1874f1a67db8e26cdcdf66ecb54047feee17c8884f	INHERITED_29DB4D1_HASH_IDENTICAL	REVIEWED	-
frontend/src/hooks/useIncidentActions.ts	09cc0a87976bd296f10ba1a7261a72251ee78d25	aaafc6f3730cd99d6157dd695b9e8a0f2bfb62b35d7360d091c184b3550ab574	MODIFIED_SINCE_29DB4D1	REVIEWED_INCREMENTAL	-
frontend/src/hooks/useIncidentPermissions.ts	dcad0967286a7f27204ef326d540607dbec79100	b91693d7f89f93e470f49e9e27791d2552d91423fc33a186fff189e7c74fc896	MODIFIED_SINCE_29DB4D1	REVIEWED_INCREMENTAL	-
frontend/src/hooks/useIncidentsData.ts	68cf7dd3cf69a3df093e415fc853ba984fe92890	adef532a68a9c8d42787f6bf9067a1ff18d7a83d0cdb1c9749b62c69952e0d00	INHERITED_29DB4D1_HASH_IDENTICAL	REVIEWED	-
frontend/src/hooks/useJournalData.ts	e195535d31e691d00cb50816d188d2df0fda3c48	d7c7cedfa3d00250098878c65827e8dc20fcc4f91cd8615dae5d191ba9f4e35c	TERMINAL_DELTA_1A14581_REREVIEWED	FIXED	RC5-AUD-02{state=FIXED;commits=0b46903823a68d9e4a91a0bfcdb7999ebae249b9+11443efa7e4eb5d198b2e73d090624e017504c11;red=docs/rc5-final-incremental-audit.md#rc5-aud-02;green=docs/rc5-final-incremental-audit.md#rc5-aud-02;permanent_tests=frontend/src/hooks/__tests__/useJournalData.test.ts+frontend/e2e/journal-filter-alignment.spec.ts;residual_local_risk=NONE}|RC5-AUD-03{state=FIXED;commits=dbacf3c29f0bb726419ea7ad4cc545ad39c07642+8aa53a373bab039bb845a957dfce9355537df29a;red=docs/rc5-final-incremental-audit.md#rc5-aud-03;green=docs/rc5-final-incremental-audit.md#rc5-aud-03;permanent_tests=frontend/src/hooks/__tests__/useJournalData.test.ts+frontend/src/utils/__tests__/workshopAnalytics.test.ts+frontend/e2e/journal-filter-alignment.spec.ts;residual_local_risk=NONE}
frontend/src/hooks/useKnowledgeData.ts	57285a3f790042c3292e0e5632f2f400c947d098	b82b79c55132f85ded7d9c74c572f99d34551c81760c1211dd29b12afec57fa9	INHERITED_29DB4D1_HASH_IDENTICAL	REVIEWED	-
frontend/src/hooks/useModalState.ts	7dc5e24d3bf8bf0a670a2cd0156d898a778603f9	5cac6cd34608e200eac6c29b04b1d97a72f3bd93095935e956c3a737820875cb	INHERITED_29DB4D1_HASH_IDENTICAL	REVIEWED	-
frontend/src/hooks/usePageTitle.ts	3cfd3ffbf1c17828d7d4fac4f8ff83b589b7c551	0c3c928cd1615b1f28615a2537a23331db5c3d7083160727e7b73ffcc55f25fc	INHERITED_29DB4D1_HASH_IDENTICAL	REVIEWED	-
frontend/src/hooks/usePilotageData.ts	fe8902e022b37779866967e4743b0ee16dd0ff3e	9b519753948b686a4ef86d5ae4e1fa4219347529977c40365f3d3c5a047ed823	INHERITED_29DB4D1_HASH_IDENTICAL	REVIEWED	-
frontend/src/hooks/useUserForm.ts	d615eb82648b37d999c545d90e60d3f8644adaa4	31edeafb192bc78118cdf7ef5beffa89a29144889727917ec6b6d143e1f6f84d	INHERITED_29DB4D1_HASH_IDENTICAL	REVIEWED	-
frontend/src/main.tsx	cf4a0d396cc12d89c0d3e204276d419f4eba8aa8	8fe85320caea9020fd1782fc3807e2a9bc604a69e07ed30c95b56a82940cd26a	MODIFIED_SINCE_29DB4D1	REVIEWED_INCREMENTAL	-
frontend/src/pages/AdminAuditPage.tsx	d3ba67b3eeb05da8968b88073d32c1bff65c7804	ad2e0eefbf987288a20d47882c983e1f07891da6132074685d6e8b1cd84a9b9d	INHERITED_29DB4D1_HASH_IDENTICAL	REVIEWED	-
frontend/src/pages/AdminHomePage.tsx	3a38ea481aa894711ddcf93c649ebb93eabe0340	c31cfd921b9d64d7c8f9a209b616ff205767dc511f1a7709351a710e62d314ac	INHERITED_29DB4D1_HASH_IDENTICAL	REVIEWED	-
frontend/src/pages/AdminLoginPage.tsx	8de51fc78d4627724476099fd5c4eaa6bcc790d1	305aecfbaf1f6450ec7314ce124cb6e0ca02751fd8754f7f5d7c572bab9b835a	MODIFIED_SINCE_29DB4D1	REVIEWED_INCREMENTAL	-
frontend/src/pages/AdminSettingsPage.tsx	d1bc7a66b0ce8776d36b34f40486f1847d1d5e3b	edadcb401859f7485cbb6e32ff89cec7dd269b655f20f29d831061647f764c99	TERMINAL_DELTA_1A14581_REREVIEWED	FIXED	RC5-AUD-05{state=FIXED;commits=2d192c0657ef25ae5d39107781a9d315d9e96ae0;red=docs/rc5-final-incremental-audit.md#rc5-aud-05;green=docs/rc5-final-incremental-audit.md#rc5-aud-05;permanent_tests=frontend/src/pages/__tests__/AdminSettingsPage.a11y.test.tsx+frontend/e2e/admin-board-session-revocation.spec.ts;residual_local_risk=NONE}
frontend/src/pages/AdminSupportPage.tsx	9e7cde5750a69f656d0904b97a29772b54f7ddc7	c2e578ee46a968dba4e138c02a3daf173a47c06f7a39ccf11d1ce4df7f5acd45	INHERITED_29DB4D1_HASH_IDENTICAL	REVIEWED	-
frontend/src/pages/BoardAccessPage.tsx	2f8cb8dc9c542cb6fd780a65c9dfc8d6e91b922c	d9fff71a047492bb01a76f99a439dab2a9dc37936a7504cadbafbc7a7f673bb6	INHERITED_29DB4D1_HASH_IDENTICAL	REVIEWED	-
frontend/src/pages/LinesPage.tsx	44e4753a2ec7cd3766407e683f60e848735d7c61	9d1b09e43d95e50f5d98489bf9512a802f166371c6a141f2ec49baca64ba1b38	MODIFIED_SINCE_29DB4D1	REVIEWED_INCREMENTAL	-
frontend/src/pages/LoginPage.tsx	89db299f5b70c592f6164cbdce2b928776e9135c	d59d0321e42b8e651c6e3d96cfb0f4f7c47891fb8da467c1f86ffae99f8de885	INHERITED_29DB4D1_HASH_IDENTICAL	REVIEWED	-
frontend/src/pages/NotFoundPage.tsx	7d1a438657f7be97572655cf104816f11db9af16	e2ac81e6973743979ce6ea9c39d6911a7600f68f798600beb70bf83fe180e6e9	INHERITED_29DB4D1_HASH_IDENTICAL	REVIEWED	-
frontend/src/pages/PrivacyPage.tsx	06ade6c2c86757dbf73cea85663e523032615ddb	3bf4a3e4715d0da6dbf9df0e093d68ce24e743b0eb24f42e3660dc5796350843	INHERITED_29DB4D1_HASH_IDENTICAL	REVIEWED	-
frontend/src/pages/UserDetailPage.tsx	42e2c287c2f55daa8d239460785a669d25b9eabd	00177ecde5c35e46bbf56530de8cea31c93660e345c6b47af57aba4c04a77534	MODIFIED_SINCE_29DB4D1	REVIEWED_INCREMENTAL	-
frontend/src/pages/UserListPage.tsx	f712e56abcbaebbf35c730c4fb06a06e177de4e0	d593a4b98aa5d0ae0e621e048d1cc433c6f6f7306640e4b2538ea4f516481c56	MODIFIED_SINCE_29DB4D1	REVIEWED_INCREMENTAL	-
frontend/src/pages/WorkshopBoardPage.tsx	3c6a4e66d5e2725ea715cd4e96654b660dac74d6	3fb27f8d9ea655c39a70f0cd2e0bd9ca01967628cb551548a00713c807503955	MODIFIED_SINCE_29DB4D1	REVIEWED_INCREMENTAL	-
frontend/src/pages/WorkshopDashboardPage.tsx	060a573447b9f0b25c7913663267ff69db4f5187	bf3168984652f6668377234eb7602f023820566a66c6f694644a5c41424efd79	INHERITED_29DB4D1_HASH_IDENTICAL	REVIEWED	-
frontend/src/pages/WorkshopHistoryPage.tsx	d6aa0c1bc7481247241a4cde3e0607ca6e73832e	3e7dc9f9001f5c41f4c9d7a248e5738f4f9666d47344b9feefa4c58ee85d447a	MODIFIED_SINCE_29DB4D1	REVIEWED_INCREMENTAL	-
frontend/src/pages/WorkshopJournalPage.tsx	320c1e9641e035535fa08372e8eef51ebc0c263c	b39600a40194b2a93995746c12a24c032bb1bd1393c6952190d02df66dcb80c6	TERMINAL_DELTA_1A14581_REREVIEWED	FIXED	RC5-AUD-06{state=FIXED;commits=2d192c0657ef25ae5d39107781a9d315d9e96ae0+35492c3ba9f822b05e0ba1ed82b5062116912d38;red=docs/rc5-final-incremental-audit.md#rc5-aud-06;green=docs/rc5-final-incremental-audit.md#rc5-aud-06;permanent_tests=frontend/src/pages/__tests__/WorkshopJournalPage.test.tsx+frontend/src/pages/__tests__/WorkshopJournalPeriodRemoval.test.tsx+frontend/e2e/journal-filter-alignment.spec.ts;residual_local_risk=NONE}
frontend/src/pages/WorkshopKnowledgePage.tsx	a4787f268b445ea115af3b43c444a8ced7be8c7e	6872907ee252afde86c1788d031ccef996823f0464b73ffb507038dd0af14a23	MODIFIED_SINCE_29DB4D1	REVIEWED_INCREMENTAL	-
frontend/src/pages/WorkshopLoginPage.tsx	b7cf1e381a3b0e6e16d1740be18a1622863126ce	e5b89159d0beca5a71a41906cb2c876d77a7882f219cab4d5e7a78b42c81e329	MODIFIED_SINCE_29DB4D1	REVIEWED_INCREMENTAL	-
frontend/src/pages/WorkshopPilotagePage.tsx	9235b5103090342551aacfe4f62f63a0d573c190	53494b6f452b04b278631573d3f481e280c21f51e0827001e8e074c06d502f60	MODIFIED_SINCE_29DB4D1	REVIEWED_INCREMENTAL	-
frontend/src/pages/WorkshopSupportPage.tsx	5d42e490ad5a494ea45079bf5729f65dd6cbc0f0	63045cb041e284e566821d19c1f928e7bd4f07affdb2e37122d135892e1c0cee	INHERITED_29DB4D1_HASH_IDENTICAL	REVIEWED	-
frontend/src/pages/__tests__/AdminSettingsPage.a11y.test.tsx	15d260e347aa1922f3ad8cfe585927d1f8411cd8	fd64b78e44e1c6e24a27dcf95cd2d449879f065d63950b31045160e5959d6042	TERMINAL_DELTA_1A14581_ADDED_REREVIEWED	FIXED	RC5-AUD-05{state=FIXED;commits=2d192c0657ef25ae5d39107781a9d315d9e96ae0;red=docs/rc5-final-incremental-audit.md#rc5-aud-05;green=docs/rc5-final-incremental-audit.md#rc5-aud-05;permanent_tests=frontend/src/pages/__tests__/AdminSettingsPage.a11y.test.tsx+frontend/e2e/admin-board-session-revocation.spec.ts;residual_local_risk=NONE}
frontend/src/pages/__tests__/LinesPage.a11y.test.tsx	4454d4b0cce6fe13db48a7ce220bfb2ee9e99250	8f3f90bf7c383cc370a4ebad18b08821c99c172d5746e7e8b429434a6781eafe	MODIFIED_SINCE_29DB4D1	REVIEWED_INCREMENTAL	-
frontend/src/pages/__tests__/PrivacyPage.test.tsx	040bca21b28d9530c7b1caab5cf835ffcc35f700	eae981ebfcb60e2effa5b972e7545108024b7dee3b5b61ca4f918c086074b976	INHERITED_29DB4D1_HASH_IDENTICAL	REVIEWED	-
frontend/src/pages/__tests__/UserDetailPage.a11y.test.tsx	d9df74ac3c61a4128d94edaed8a750e8137e51f7	07adde0fe1977a25aa06c4cfcf5c13c98895e72de291f2e2365b6781fadb26db	INHERITED_29DB4D1_HASH_IDENTICAL	REVIEWED	-
frontend/src/pages/__tests__/UserListPage.a11y.test.tsx	10df3545fc1a74d3ee32afdfafa5e512a2f0f621	21ca1f421645b480f08e0a99abc58fd61f0e774929a1c704602afbff0609c600	MODIFIED_SINCE_29DB4D1	REVIEWED_INCREMENTAL	-
frontend/src/pages/__tests__/WorkshopBoardPage.a11y.test.tsx	b62c3500c9383eeaa8cd95f5e4ea05ce498a01dd	03f9c618cb49e59938a69930c1d8dd6aaa86b38a5e9c22959a6a9ecbbbfec192	ADDED_SINCE_29DB4D1	REVIEWED_INCREMENTAL	-
frontend/src/pages/__tests__/WorkshopBoardPage.logoutFocus.test.tsx	6e928b827cb4507788a55d1679e85252134d2f90	62818ad209103316a683250a6fbf9e04e99bc210faccd57f4acadbc6e1e5a86b	ADDED_SINCE_29DB4D1	REVIEWED_INCREMENTAL	-
frontend/src/pages/__tests__/WorkshopDashboardPage.followedResolved.test.tsx	69c73a3b5f51f660279411eff6150e3d0421f4c6	2ff36cdf0886011ede83e8a7474952414841a731fa26a29aee65a839ee58a2aa	INHERITED_29DB4D1_HASH_IDENTICAL	REVIEWED	-
frontend/src/pages/__tests__/WorkshopDashboardPage.test.tsx	e34cb5aeea7dec18e608ba7097bf404b158c1989	823a8820a1cd966ed9990b26702f2695f20a38e14147d9059c9d62b6dd78c9ab	INHERITED_29DB4D1_HASH_IDENTICAL	REVIEWED	-
frontend/src/pages/__tests__/WorkshopHistoryPage.test.tsx	657eb0e4983fbfeaf4b5d2f7eb929644c5ee2e4d	e9ad147677efaaf5aefd7c7612cb11ea7639a75f08b31972c2d2e6c6ed81e679	MODIFIED_SINCE_29DB4D1	REVIEWED_INCREMENTAL	-
frontend/src/pages/__tests__/WorkshopJournalPage.test.tsx	218b064621749627d93718ca8b5ad8e674ef2e00	d29aa9dfac070f8c29be143d843ac3ca6b25295a61e8592b53451fb5afa500c0	TERMINAL_DELTA_1A14581_REREVIEWED	FIXED	RC5-AUD-06{state=FIXED;commits=2d192c0657ef25ae5d39107781a9d315d9e96ae0+35492c3ba9f822b05e0ba1ed82b5062116912d38;red=docs/rc5-final-incremental-audit.md#rc5-aud-06;green=docs/rc5-final-incremental-audit.md#rc5-aud-06;permanent_tests=frontend/src/pages/__tests__/WorkshopJournalPage.test.tsx+frontend/src/pages/__tests__/WorkshopJournalPeriodRemoval.test.tsx+frontend/e2e/journal-filter-alignment.spec.ts;residual_local_risk=NONE}
frontend/src/pages/__tests__/WorkshopJournalPeriodRemoval.test.tsx	7497b756142b18ae5da22c691de8461c03b7f798	4c7ff16eb39405a74dac2465314befbda1dd9efcc4b84ca10c6abef2d9cd052c	TERMINAL_DELTA_1A14581_REREVIEWED	FIXED	RC5-AUD-06{state=FIXED;commits=2d192c0657ef25ae5d39107781a9d315d9e96ae0+35492c3ba9f822b05e0ba1ed82b5062116912d38;red=docs/rc5-final-incremental-audit.md#rc5-aud-06;green=docs/rc5-final-incremental-audit.md#rc5-aud-06;permanent_tests=frontend/src/pages/__tests__/WorkshopJournalPage.test.tsx+frontend/src/pages/__tests__/WorkshopJournalPeriodRemoval.test.tsx+frontend/e2e/journal-filter-alignment.spec.ts;residual_local_risk=NONE}
frontend/src/pages/__tests__/WorkshopJournalSortParity.test.tsx	c294f5c249cc3e42645e7f94b2adc2f1fd97cbbc	ce38b21a19b18c65d6e79d567fdf2eb646bb8d53f0791e40ce206e6138730488	ADDED_SINCE_29DB4D1	REVIEWED_INCREMENTAL	-
frontend/src/pages/__tests__/WorkshopKnowledgePage.test.tsx	f066875010ae9c6afbaf421823a2ca87dd04b199	d52f5560c1133ef4008c4059354fde5821c4bfd9e2c3b8251c1f4266858db2b7	MODIFIED_SINCE_29DB4D1	REVIEWED_INCREMENTAL	-
frontend/src/pages/__tests__/WorkshopPilotagePage.test.tsx	d52c6d9c8c1465152fe3e287ff0fe6b135963d1c	af2f5830d011980ee50c6e1ed39abd01aadabaf9062f64e6a18017ac6ac63d2d	MODIFIED_SINCE_29DB4D1	REVIEWED_BACKLOG_P2	BACKLOG_NONBLOCKING
frontend/src/pages/__tests__/incidentDrawerScroll.test.ts	d12c811d39e190f8b2adf58b422e30ccbd1f588c	469834fa9108797576dbaf04776842c914ebc34a08997c0736ee728416a2d223	INHERITED_29DB4D1_HASH_IDENTICAL	REVIEWED	-
frontend/src/routes/AdminRoute.tsx	3051b8cbb2900cacf4c731fe48aaa14a705e13c1	3cc2fbe601d0528c572c9aac127a1d3805a3c08fd13c7f2fe73618540102b790	INHERITED_29DB4D1_HASH_IDENTICAL	REVIEWED	-
frontend/src/routes/AppAuthContext.tsx	cb1070253d53adc4c38fb4124f9676079c5e5076	eaef2d58b3450e3b6cd9c6016a97d3e2bf15dade77f892080e6e67c10d5f7fa0	MODIFIED_SINCE_29DB4D1	REVIEWED_INCREMENTAL	-
frontend/src/routes/FieldLimitsContext.tsx	d3af6dd01372a9e631c80cae81331b10f2902a0a	82944a880901cc4c9760785eb6ea29c71701899ccb709859ed51c20c2dc708ec	INHERITED_29DB4D1_HASH_IDENTICAL	REVIEWED	-
frontend/src/routes/GuestRoute.tsx	7352d1b17a7ea3151c663b684d6d0c15cc215bc3	89b7b7b2495927dd8b84d9a4df876840b74778ce4446fa36d40876ec00743602	INHERITED_29DB4D1_HASH_IDENTICAL	REVIEWED	-
frontend/src/routes/WorkshopResponsableRoute.tsx	be5d4b84d69ec67906a2f1434c88c346a883f5da	fe7b6abb32821a8bb90b10bbb36cce157ed4923754c3c2376ba9504ea729dc47	INHERITED_29DB4D1_HASH_IDENTICAL	REVIEWED	-
frontend/src/routes/WorkshopRoute.tsx	e402125504aaac48aaa1ff4e565aa187057d20cc	4498203768096d8004c102edf177e9c786a2e19093f9e116926dce9e24682570	INHERITED_29DB4D1_HASH_IDENTICAL	REVIEWED	-
frontend/src/routes/__tests__/routerDestinationInventory.test.ts	f1d124105bb3597ac0da6b3deb29252616e7921b	3ab26abe437b21c76a0894a9672ebfb72cd65298ad0e4934eefc959fe47fc1ef	TERMINAL_DELTA_1A14581_REREVIEWED	REVIEWED_TERMINAL_DELTA	ROUTER_TEST_CONSUMER_INVENTORY_54
frontend/src/routes/__tests__/routerSecurity.test.tsx	a07720e55d981bbc9294b3859e418ec6a396d461	5915b7e353ff4965628f4ee60e871d6904ad6e2a0f49f18353d1e84f56c01219	ADDED_SINCE_29DB4D1	REVIEWED_INCREMENTAL	-
frontend/src/styles.css	36f2bfda4622c3e9c7a8d496f1844c7e5c42ae75	c395cb5140c27366630d6ba2d7b5881c455c9e20b3dc09c1daa900a1fcc099d4	INHERITED_29DB4D1_HASH_IDENTICAL	REVIEWED	-
frontend/src/styles/base.css	f8d2c8bb3caad74f061f52c2bd6fb04ce102ef46	1cbd3c70f0e4cb5bd8ce9be4785a1d9f9fbd76e77a9e40f050ae28d0813cdee9	INHERITED_29DB4D1_HASH_IDENTICAL	REVIEWED	-
frontend/src/styles/pages/board.css	2348e9c961592d954d1fb98b2773cd092ff7d28c	d57c3f54873288c2c182ec1ee08cf325500ce5d088833bac37cac885370935d6	INHERITED_29DB4D1_HASH_IDENTICAL	REVIEWED	-
frontend/src/styles/pages/history.css	ae5d39d2676700f836648b553cb6687d4615671b	e8c7545d1fabb69d298ee82b40b85140745bfb718f62d269bad6aafdca4ed662	INHERITED_29DB4D1_HASH_IDENTICAL	REVIEWED	-
frontend/src/styles/pages/journal.css	e62411399b311e8e176f3197577af769f6f66f5f	bd6ab357c1d99086954ee30856ff384d691180a52d5f29669dbe5a16c00ae92b	INHERITED_29DB4D1_HASH_IDENTICAL	REVIEWED	-
frontend/src/styles/pages/knowledge.css	009e3315f83d1a0c44537e34c56073e340481859	2beb432d0ad06caa08523aea4f302a33a9911d3f7c34549499a818ef4e71c568	INHERITED_29DB4D1_HASH_IDENTICAL	REVIEWED	-
frontend/src/styles/pages/login.css	6ef12c5debece13b9eef4e4d6a6d0cb8aa734dd9	a8fcee2561cf2acb5da6348468194c794f26deef5124732c5379f6e9eb7e60e3	INHERITED_29DB4D1_HASH_IDENTICAL	REVIEWED	-
frontend/src/styles/pages/misc.css	356d221accdfde8c777b95628e98952bd89d8005	1649e832629c3ef21211071edaf8ac5bc4ea30f651e6c215566022ffc03e6c23	INHERITED_29DB4D1_HASH_IDENTICAL	REVIEWED	-
frontend/src/styles/pages/nav-admin.css	5830b0b01ea93504cbea2039b7160b032c8c2102	80d066c238ca2015b6c6ccd4ff5f212d948b7c404b75829e1ece1e5055e077ea	INHERITED_29DB4D1_HASH_IDENTICAL	REVIEWED	-
frontend/src/styles/pages/pilotage.css	546d5a18f99d4d5ddf043402006d6a96b75dacc5	1d7bb0d34a89efc1fb8448b58789a93e42fa32e4c1953fd4200ff295e4079c27	INHERITED_29DB4D1_HASH_IDENTICAL	REVIEWED	-
frontend/src/styles/pages/support.css	3ba4b9b0b0e99f646516e401b88d80d609e0a5d1	e5bd3b76d61d99981b98930f98be855c77abd49b6b07d7ed1bb0c845f529ed2e	INHERITED_29DB4D1_HASH_IDENTICAL	REVIEWED	-
frontend/src/styles/pages/workshop.css	0fa0c8281f2cb58c45669839f26e24384c14b093	19cfee61c8ef14a97ab76c568404dcdbc3f2afd49038ffc8e3188e118ead0507	INHERITED_29DB4D1_HASH_IDENTICAL	REVIEWED	-
frontend/src/styles/responsive.css	9f90e2da80385aad4d1552941a58a0be18e9b80a	b1cf1b939bf93e2b67adf66daabadb8e23a9870153684b4be386b9c3f830b933	INHERITED_29DB4D1_HASH_IDENTICAL	REVIEWED	-
frontend/src/test/setup.ts	5fac35de1368b6514087642d1ed08512cd850c93	671a208aeafc3e0a4e056b18c65e8f6fe99b917dcaa2700ba90a3cb038d49288	INHERITED_29DB4D1_HASH_IDENTICAL	REVIEWED	-
frontend/src/types/admin.ts	229f82fc642d8930bba1a04cd5577df63e0ac4e1	c6c5173361a7171d10b5b092bcc44ab5c4d57ed821fcbe4ef3bc9cb5f89bcc56	INHERITED_29DB4D1_HASH_IDENTICAL	REVIEWED	-
frontend/src/types/common.ts	4a2e48d63749ee408f559d8160a0e749eec09018	098bb7337c7101a4937d2c4ac2ec63175e8bc7ab682fb890c2fea02606e6be17	INHERITED_29DB4D1_HASH_IDENTICAL	REVIEWED	-
frontend/src/types/index.ts	ec34394fda7570c63ee40c40e632f3334e9bb156	42986814941cbec8311da60ee59453358e69a93d4fcf2946f98a32a6a005802b	INHERITED_29DB4D1_HASH_IDENTICAL	REVIEWED	-
frontend/src/types/lines.ts	ca4976e9b6a671186564606fc9283ded113eea19	67970228ad574927d8ade623d6fe3a9f1bd86b0b07262e390019232a3c3a3273	INHERITED_29DB4D1_HASH_IDENTICAL	REVIEWED	-
frontend/src/types/workshop.ts	ed7b51592d4344940aed3a5a667473bbb57616be	56211cf95ef068ff7cc42dd67d02fc60ce6cc81618a197f6f5a0082f0dfe043a	INHERITED_29DB4D1_HASH_IDENTICAL	REVIEWED	-
frontend/src/utils/__tests__/boardUtils.test.ts	e2b558d677d7eab5c1ae8f60e5982627caa44287	6de91139865ac2a89fd6ad897843150373aedcedc9929d6558f24bfe6ad23836	INHERITED_29DB4D1_HASH_IDENTICAL	REVIEWED	-
frontend/src/utils/__tests__/date.test.ts	eb8c8ab58adb525ed25ee53e7b3687f731eee9d9	8cb446a710869dcf254a000326346f487306dd4a1579d488230e83df5ef1de6d	INHERITED_29DB4D1_HASH_IDENTICAL	REVIEWED	-
frontend/src/utils/__tests__/durationFormat.test.ts	91f3130bd0d00cc8100abff22980301e443273c9	b0f4ad1bd58883b85c9ee3fe1c1557f848cffc7bc6f5cb198081754d7bb074c0	INHERITED_29DB4D1_HASH_IDENTICAL	REVIEWED	-
frontend/src/utils/__tests__/e2eExecutionHygiene.test.ts	edd29e66e40d2f8a6ea835bded7d5dccb0efb590	5ff2e6b5425702cb350a983c0ef5cf670e327ac5b8a098f67d8f4987d32f13d3	ADDED_SINCE_29DB4D1	REVIEWED_INCREMENTAL	-
frontend/src/utils/__tests__/identifiers.test.ts	c81b31b126bef9f7323317d8541db99dd5e51325	85ac82419e27b26bd2448567d91b3e1170478b9e9703d82fa23bf01f75015fd0	INHERITED_29DB4D1_HASH_IDENTICAL	REVIEWED	-
frontend/src/utils/__tests__/incidentDiff.test.ts	26c9ccc6a3e635276a614fef6f75ee668f295a2b	67d8ddf4889738dffea3353d262a398bcda1585d9b26eacc29d7c586e48433f9	INHERITED_29DB4D1_HASH_IDENTICAL	REVIEWED	-
frontend/src/utils/__tests__/incidentSort.test.ts	e97cbf823ef7b9499f9054d7c140803cc74df383	e18854e24ec5f22f4d6f5e60c8c862ad778329302d213d49f333f78dde48aa4f	INHERITED_29DB4D1_HASH_IDENTICAL	REVIEWED	-
frontend/src/utils/__tests__/labels.test.ts	d63402b8c1666f811e499fa8f8017afdfa513692	ccb6f4c0c3684c0d68704e6b522b1719956054da4cf04ebd7ebe6a40457198fc	INHERITED_29DB4D1_HASH_IDENTICAL	REVIEWED	-
frontend/src/utils/__tests__/lineMachines.test.ts	ff08390394fbd6cd7d5e76ee07a57c4f570cb57b	f006656cdb98dc2a358a95f86c4d0add7de0799c834b124a1682fd16a8092787	INHERITED_29DB4D1_HASH_IDENTICAL	REVIEWED	-
frontend/src/utils/__tests__/markdownParser.test.tsx	6122776fffad22a50686cdd1f005d1517176c26e	781e4f9ca4ab9a8ba905e161e2c82cc2fd280c3b2b2f8cb0e39bfd32bc800de1	INHERITED_29DB4D1_HASH_IDENTICAL	REVIEWED	-
frontend/src/utils/__tests__/passwordPolicy.test.ts	ca7eb63ab6a007111c3a5e2a00fb11c5ca5514af	e5c8a50f15c59757507f86069bd4ac6cccb03f11587f5a010c7f04e69f8fc704	INHERITED_29DB4D1_HASH_IDENTICAL	REVIEWED	-
frontend/src/utils/__tests__/query.test.ts	4b9cc9af61d2f99e6d14b77532648d438d638a40	13a9b6261f6f5c832caec30c25399073a1adbe1da8dc2f331de6fbe75c501a23	INHERITED_29DB4D1_HASH_IDENTICAL	REVIEWED	-
frontend/src/utils/__tests__/sortCodec.test.ts	be26a42b1204ed33471c5b7bd5e3323b301d4194	b490c7c6bc5cd32cc506864c222b551a4f02e5dc95123989db5bdc12fe6a70ed	INHERITED_29DB4D1_HASH_IDENTICAL	REVIEWED	-
frontend/src/utils/__tests__/userFacingTerminology.test.ts	899a25cb30056360dc00a933a4b6a6d66389cc49	13abf740ec812e3c01939541247453e00c10af63107cb92085fefb17fd9a2b9f	INHERITED_29DB4D1_HASH_IDENTICAL	REVIEWED	-
frontend/src/utils/__tests__/userSort.test.ts	d17a71a84023e8f5e6f283e20345d37b85564cc5	871873127eab9fb0f860e7ef3259596f8bb4a03f2539cd1750b0739d585d02ec	INHERITED_29DB4D1_HASH_IDENTICAL	REVIEWED	-
frontend/src/utils/__tests__/workshopAnalytics.test.ts	f77867019c1e938d6266453a4a7acaf22a630598	1298860c7efa32d21d7b329c1805174cd6b8d554ba692429436af19285431b5f	TERMINAL_DELTA_1A14581_REREVIEWED	FIXED	RC5-AUD-03{state=FIXED;commits=dbacf3c29f0bb726419ea7ad4cc545ad39c07642+8aa53a373bab039bb845a957dfce9355537df29a;red=docs/rc5-final-incremental-audit.md#rc5-aud-03;green=docs/rc5-final-incremental-audit.md#rc5-aud-03;permanent_tests=frontend/src/hooks/__tests__/useJournalData.test.ts+frontend/src/utils/__tests__/workshopAnalytics.test.ts+frontend/e2e/journal-filter-alignment.spec.ts;residual_local_risk=NONE}
frontend/src/utils/__tests__/workshopFilters.test.ts	d98116f41461a71398dbc582d6ea2908064314f2	ffbfbef0fee19d19f461b2ab10e6921276f53c295c149b90b67ce91e15277503	INHERITED_29DB4D1_HASH_IDENTICAL	REVIEWED	-
frontend/src/utils/__tests__/workshopHistory.test.ts	7f802e59550fedef8edc132d305d40268caeb584	041e635e786f1dfe4f3a8acb62aca517e4b006b7666ebf82e25c122983f0b343	INHERITED_29DB4D1_HASH_IDENTICAL	REVIEWED	-
frontend/src/utils/__tests__/workshopPermissions.test.ts	7fda06c84ee99e9af47a0c4354ab6e37f3b4a6ee	7c89a57f95cb62058ef52cf3801e2e6bb00dd10e3580e141cdac230ff1d65cbe	INHERITED_29DB4D1_HASH_IDENTICAL	REVIEWED	-
frontend/src/utils/attention.ts	e8bd410d01694a1fabdcefc0b6478f18ecf841b0	0e2936a3811792fffb4bd3b5066d7f36a5b6159612668a94592f39e2e1c0efe5	INHERITED_29DB4D1_HASH_IDENTICAL	REVIEWED	-
frontend/src/utils/boardUtils.ts	7c547ef33bfe3c7f43c85055ffa67f585af3a239	df2854761871650ceb69b1962c3657c95bb097313971751394aa76e04e16369e	INHERITED_29DB4D1_HASH_IDENTICAL	REVIEWED	-
frontend/src/utils/date.ts	690df1b78cdd48f4e8327342f744eb834ed3c2d1	b1861623ba903c8c4dca8a1af9730f85420a9337123a43a1e2e61917acb360ec	INHERITED_29DB4D1_HASH_IDENTICAL	REVIEWED	-
frontend/src/utils/durationFormat.ts	c7a412159d5246bcf21d51f49d6e7a9ef7558ffc	c925da2ed41e260393889e827e462ea72967e3abc50b28343d5e88b87dddaaee	INHERITED_29DB4D1_HASH_IDENTICAL	REVIEWED	-
frontend/src/utils/fieldLimits.ts	7ba5c998b6a7c12baabb1f81bb4bc8ef6e0944d7	c734e1cc4af74646fc0bbb48c9b3a34e2e5350323870190efeb14eedca58bc54	INHERITED_29DB4D1_HASH_IDENTICAL	REVIEWED	-
frontend/src/utils/french.ts	711624a9adab2e386d96b0a287911ef1bc90e9a9	65a4c73511d4d64432c6a34f9ad88da67624b67866c4c1afa52a9e3ecf13ca2d	INHERITED_29DB4D1_HASH_IDENTICAL	REVIEWED	-
frontend/src/utils/identifiers.ts	622ebf75fbcc289d895774ac4a1be0afad187e3a	527602c03a980969206cce3262b1a6d89296f2d28773676ae785bf4b884b86ef	INHERITED_29DB4D1_HASH_IDENTICAL	REVIEWED	-
frontend/src/utils/incidentDiff.ts	45c6f78f3fa057c051ca73dff2a45e8eb83c9c22	c2e02c56ef247c06461938b46b0efe754a423f30c453b3f3b96cd581de789303	INHERITED_29DB4D1_HASH_IDENTICAL	REVIEWED	-
frontend/src/utils/incidentSort.ts	e7090ecdff40a623de08efc03c32f4696141ad3b	54578059613ce6c9f9af395dd854f54ed848deb197587ee8cefb3c044613e7e0	INHERITED_29DB4D1_HASH_IDENTICAL	REVIEWED	-
frontend/src/utils/labels.ts	e65dc4e9296acb6d102928aa458bb0cc3b3e1b04	fdf743d5b40c9a0487c29701a3f3be4d577bb79eda03897f328a4cddfec9727f	INHERITED_29DB4D1_HASH_IDENTICAL	REVIEWED	-
frontend/src/utils/lineMachines.ts	184e0c6124d598b3f20d1c0aa4c8c7218dadc455	4c166a89be9609afaaa57868175b75ac27f288604f41fdc36a43a98d1f9a50c2	INHERITED_29DB4D1_HASH_IDENTICAL	REVIEWED	-
frontend/src/utils/markdownParser.tsx	203577b544434e293b5f0e33f55b031711016631	52986e8899c6caee5713de0026103fdc4dab74514e467e5d9716853f5e847751	INHERITED_29DB4D1_HASH_IDENTICAL	REVIEWED	-
frontend/src/utils/passwordPolicy.ts	9971150d0de3e3d8ab9dcd51695001285bfd5951	131276817aabac723cfa50cf043626f3e455498cc6e18fbdcb9c610484950f44	INHERITED_29DB4D1_HASH_IDENTICAL	REVIEWED	-
frontend/src/utils/query.ts	5d6f785f94b22cf9a71b7244170dfceb5155d4ef	5fb017618eeb682e3b75c1af135085a3a064c2b558017860bb48e18a28fba953	INHERITED_29DB4D1_HASH_IDENTICAL	REVIEWED	-
frontend/src/utils/sortCodec.ts	c8510adf961a92bf3b5e9b415e1e641afa630bf6	61f0928698be0aa3f1933c3f04874732ee20c8ffc71a0f9c4c21c61286556423	INHERITED_29DB4D1_HASH_IDENTICAL	REVIEWED	-
frontend/src/utils/userSort.ts	484d09319e2bd05ce540f1369e30188cfb1264cc	a6b69472c337c746cac1819da833effe27efe4f1a21404e20ae05d63878769c5	INHERITED_29DB4D1_HASH_IDENTICAL	REVIEWED	-
frontend/src/utils/workshopAnalytics.ts	31efd249db92005109ec1ae67983805cd24bc6fd	ac9f5fc53e00659e4438775759cb798f14188de6941910c2b034effe7f60e51d	TERMINAL_DELTA_1A14581_REREVIEWED	FIXED	RC5-AUD-03{state=FIXED;commits=dbacf3c29f0bb726419ea7ad4cc545ad39c07642+8aa53a373bab039bb845a957dfce9355537df29a;red=docs/rc5-final-incremental-audit.md#rc5-aud-03;green=docs/rc5-final-incremental-audit.md#rc5-aud-03;permanent_tests=frontend/src/hooks/__tests__/useJournalData.test.ts+frontend/src/utils/__tests__/workshopAnalytics.test.ts+frontend/e2e/journal-filter-alignment.spec.ts;residual_local_risk=NONE}
frontend/src/utils/workshopFilters.ts	fff595f50f9d113c14726252a74da458222e9810	82dad2e61926937cc3e69bd2ee6f441df173c18ae6ab25be74f5394adf8758db	INHERITED_29DB4D1_HASH_IDENTICAL	REVIEWED	-
frontend/src/utils/workshopHistory.ts	63f48ed0580f028f53204464bb235ce0391078a5	80946d33455b7192808f55b945d4221183e7f79431bc1ac6c23a3317f9835b79	INHERITED_29DB4D1_HASH_IDENTICAL	REVIEWED	-
frontend/src/utils/workshopMutationKeys.ts	fbcdeae196a17392a11ac8b02199280bc605fcfd	cf55aef28755abf0d9133f255dd722649854f95991b9490b73d093086e7a616a	INHERITED_29DB4D1_HASH_IDENTICAL	REVIEWED	-
frontend/src/utils/workshopPermissions.ts	1835cbf6adebc45e8e4be5c42397ca6918f6253a	67cf6f7b2b64205b2c5fc792c30145284131c406f54e6f82e413d5d3db251886	INHERITED_29DB4D1_HASH_IDENTICAL	REVIEWED	-
frontend/tsconfig.json	a754a2068ef651333fc343180ea863384e3bfd46	5d9a01316be8bb667ab2523de321ffdf00a2daec690e4a8b2c005a20f13ef657	INHERITED_29DB4D1_HASH_IDENTICAL	REVIEWED	-
frontend/tsconfig.node.json	42872c59f5b01c9155864572bc2fbd5833a7406c	9e2abb169ea87b7190613a1d4da57ca608463a453bd4231fa3aeee5e308370dd	INHERITED_29DB4D1_HASH_IDENTICAL	REVIEWED	-
frontend/vite.config.ts	bde19b51077e3e71b81afb10bd951951b83ddfab	0ddaa424937e8d30a9016d129f9496ba35f9c146d1e28d88a1afd0289a8f36cb	INHERITED_29DB4D1_HASH_IDENTICAL	REVIEWED	-
scripts/backup.sh	bae0c2025c6244b90b5e46e3d33ed10dfef53b6b	a91ccf8d407dcf0fc3f0d0fbfcc6506a13995cc44ab4ae811064b5141fa4b4e7	INHERITED_29DB4D1_HASH_IDENTICAL	REVIEWED	-
scripts/collectDossierFacts.py	8eb5c152c47008b8d98b2329f4f0ea705e73908e	663d09f5e8367ba37d84c9148c4197a05d40e063deaf0a2c8ab864fcee6f4cd3	INHERITED_29DB4D1_HASH_IDENTICAL	REVIEWED	-
scripts/dependency_exception_guard.py	1a3de5da4d0cc3f0907d8a4c541b43ffad0e2dd9	156c2dcbb72ec5a835c4fd7f1fe0b7fcdad13d7c50d04a4dded49821110b177c	ADDED_SINCE_29DB4D1	REVIEWED_INCREMENTAL	-
scripts/lib/env.sh	68ac8fdc4e103d26abc8db4d0b5b0a3824a9837a	3422ebd7e4144f041918934f1a1728fb61260fec0f46141b40822e945fe56db3	INHERITED_29DB4D1_HASH_IDENTICAL	REVIEWED	-
scripts/load-test.js	b9aca498e82a276bdb546acd80642a2aa2b41a46	fde539617d37cffa3b823a3f322a5337f8fcece36eebfaa6afbe95ef82b4df30	INHERITED_29DB4D1_HASH_IDENTICAL	REVIEWED	-
scripts/preflight.sh	d1d15f948e0850f164b3811fc250f94f95165121	b2b287c12c725782cfd81e14e4554b984cb349b6bee47d0dc08ad55a1fc70bff	INHERITED_1A14581_REREVIEWED	FIXED	RC5-AUD-01{state=FIXED;commits=8181b7835d8fd38b01913ed0accc9e1b85a20276;red=docs/rc5-final-incremental-audit.md#rc5-aud-01;green=docs/rc5-final-incremental-audit.md#rc5-aud-01;permanent_tests=backend/src/config/__tests__/production.test.ts+backend/src/middlewares/__tests__/csrfProtection.test.ts+scripts/test-preflight.sh+frontend/e2e/security-contracts.spec.ts;residual_local_risk=NONE}
scripts/rebuildDossier.py	737e403212f82118f02a0a0be797cc4730119f7e	b86cb9c29dbbd8fe1a416f3d7ff0dfcb2fbda1dff2a11a4a1286601d96d1a9c0	MODIFIED_SINCE_29DB4D1	REVIEWED_INCREMENTAL	-
scripts/release_policy.py	5c2b423c8aa2aa9c000fdac6d9959e6cab2eb9f8	4bfcb9eff1f72050a926a541fd860b31f3aa45de57d0d45bdf17277433955988	ADDED_SINCE_29DB4D1	REVIEWED_INCREMENTAL	-
scripts/restore.sh	6b7e7cbc1cc680347a698e2fb944baf47e50911b	8770a62ece55ee2882c4e3b58c81ed53a632fe330d81f2e663fecde36bc5af22	MODIFIED_SINCE_29DB4D1	REVIEWED_INCREMENTAL	-
scripts/test-backup-restore.sh	c38e5c2ecec3f3275e8409a520ddce2b8a108e6d	492f44748a6afd9508ef37c32ba99bc0fe767c4a91f8e44d621347ec07f3fb1b	MODIFIED_SINCE_29DB4D1	REVIEWED_INCREMENTAL	-
scripts/test-dependency-exception-policy.py	7e30e30b2e72eac36cfc69f032368bdc1b7bff25	905d828ac827992f928974e983e3c3c0b58f8e78da648a56e1558f9660ef9996	ADDED_SINCE_29DB4D1	REVIEWED_INCREMENTAL	-
scripts/test-env-parsing.sh	493c7252b55159ff832c6a8a2398f6270383872f	daf750b0876b0312811c46da552be2d93e60834d15ea4e835cbce8673fa98a96	MODIFIED_SINCE_29DB4D1	REVIEWED_INCREMENTAL	-
scripts/test-nginx-header-inheritance.sh	ce445efaf70a931a49c74994dbc422e76790484c	8eeafd0578dba802934f165c1999967619ff1ae9af1ff5ff8399d0c97b945870	INHERITED_29DB4D1_HASH_IDENTICAL	REVIEWED	-
scripts/test-preflight.sh	0b5a7681e9a89e05ed208c59394ec33585959522	490cc633380276fc3c080d1fde10402340904c3285a0bd992f5e429236eb3f8f	TERMINAL_DELTA_1A14581_REREVIEWED	FIXED	RC5-AUD-01{state=FIXED;commits=8181b7835d8fd38b01913ed0accc9e1b85a20276;red=docs/rc5-final-incremental-audit.md#rc5-aud-01;green=docs/rc5-final-incremental-audit.md#rc5-aud-01;permanent_tests=backend/src/config/__tests__/production.test.ts+backend/src/middlewares/__tests__/csrfProtection.test.ts+scripts/test-preflight.sh+frontend/e2e/security-contracts.spec.ts;residual_local_risk=NONE}
scripts/test-release-gate.py	9b2b70cd6c6ed1cb8d3ad56f35432f56a4aafdda	539a1af46982cfc8bda647bcd7891f277f049b26b59a4aa04209ca72256e43fc	ADDED_SINCE_29DB4D1	REVIEWED_INCREMENTAL	-
scripts/test-release-policy.py	3364fa12642a76e668496a7eb9c92832ae4f0e15	3be5ed10f85417ff2ad8c84ad6bc5315942df35927114f767a8afefd0df8c4f1	ADDED_SINCE_29DB4D1	REVIEWED_INCREMENTAL	-
scripts/test-release-workflow.py	ecd478650b472fc4c10cd407bfbe1b3d1d6d8175	18a46f000160bc53138ee2c8b800f900dffc4fdcafa775ee66851261ffe26c81	ADDED_SINCE_29DB4D1	REVIEWED_INCREMENTAL	-
scripts/verify-compose-topology.sh	53fe3593917af71832b1665a6051bbf143930db5	58cccaa72641b70ad2593eb4507927de0e6e6d1bb569b7e4426377d28e2dd2d5	INHERITED_29DB4D1_HASH_IDENTICAL	REVIEWED	-
scripts/verify-public-headers.sh	585c5ea7b54195941bc741e9cff909b2a90492cf	7aa80a445e902cb620794f1b6b751234145c6992297a3e3ce191e19909818650	INHERITED_29DB4D1_HASH_IDENTICAL	REVIEWED	-
scripts/verify-release-candidate.sh	21726346e4aac745a5db79d1f09656bccbdbaed0	e95989512d109e829c5c323bf3d6b53b1edb9df488ad637ec295e48f1c308c9f	ADDED_SINCE_29DB4D1	REVIEWED_INCREMENTAL	-
security/dependency-exceptions.json	b7d2d30908552a8f04116320192e2107f5e7a7f0	c2ca1a70bae6509aaf7ec47107e7c1157f3aeb90307778ad62e003bd08153860	ADDED_SINCE_29DB4D1	REVIEWED_INCREMENTAL	-
docs/rc5-final-audit-register.tsv	-	-	FINAL_ARTIFACT	SELF_REVIEWED_NO_RECURSIVE_HASH	REGISTER_SELF
